nconst,primaryName,birthYear,deathYear,primaryProfession,knownForTitles,tconst,ordering,category,job,characters,titleType,primaryTitle,originalTitle,isAdult,startYear,endYear,runtimeMinutes,genres,averageRating,numVotes
nm0006795,Salman Khan,1965,\N,"producer,actor,music_department","tt4832640,tt3863552,tt2016894,tt2372222",tt0099080,1,actor,\N,"[""Saajan Sood""]",movie,Baaghi: A Rebel for Love,Baaghi: A Rebel for Love,0,1990,\N,157,"Action,Drama,Romance",5.8,1930
nm0006795,Salman Khan,1965,\N,"producer,actor,music_department","tt4832640,tt3863552,tt2016894,tt2372222",tt0100095,1,actor,\N,"[""Prem Choudhary""]",movie,Maine Pyar Kiya,Maine Pyar Kiya,0,1989,\N,192,"Drama,Musical,Romance",7.3,13585
nm0006795,Salman Khan,1965,\N,"producer,actor,music_department","tt4832640,tt3863552,tt2016894,tt2372222",tt0102645,1,actor,\N,"[""Suraj Verma""]",movie,Patthar Ke Phool,Patthar Ke Phool,0,1991,\N,155,"Action,Drama,Romance",5.5,1342
nm0006795,Salman Khan,1965,\N,"producer,actor,music_department","tt4832640,tt3863552,tt2016894,tt2372222",tt0102746,3,actor,\N,"[""Akash Singh""]",movie,Kurbaan,Kurbaan,0,1991,\N,133,"Action,Drama,Romance",4.2,699
nm0006795,Salman Khan,1965,\N,"producer,actor,music_department","tt4832640,tt3863552,tt2016894,tt2372222",tt0102825,3,actor,\N,"[""Akash Verma""]",movie,Saajan,Saajan,0,1991,\N,193,"Drama,Musical,Romance",7.2,7836
nm0006795,Salman Khan,1965,\N,"producer,actor,music_department","tt4832640,tt3863552,tt2016894,tt2372222",tt0102835,1,actor,\N,"[""Salman Khan""]",movie,Sanam Bewafa,Sanam Bewafa,0,1991,\N,160,"Drama,Romance",5.2,1578
nm0006795,Salman Khan,1965,\N,"producer,actor,music_department","tt4832640,tt3863552,tt2016894,tt2372222",tt0105007,2,actor,\N,"[""Vasudev Gujral""]",movie,Nishchaiy,Nishchaiy,0,1992,\N,146,"Action,Drama,Romance",4.4,668
nm0006795,Salman Khan,1965,\N,"producer,actor,music_department","tt4832640,tt3863552,tt2016894,tt2372222",tt0105007,3,actor,\N,"[""Rohan Yadav""]",movie,Nishchaiy,Nishchaiy,0,1992,\N,146,"Action,Drama,Romance",4.4,668
nm0006795,Salman Khan,1965,\N,"producer,actor,music_department","tt4832640,tt3863552,tt2016894,tt2372222",tt0105500,1,actor,\N,"[""Vicky""]",movie,Suryavanshi,Suryavanshi,0,1992,\N,161,"Action,Fantasy,Horror",4.4,1311
nm0006795,Salman Khan,1965,\N,"producer,actor,music_department","tt4832640,tt3863552,tt2016894,tt2372222",tt0105500,2,actor,\N,"[""Suryavanshi Vikram Singh""]",movie,Suryavanshi,Suryavanshi,0,1992,\N,161,"Action,Fantasy,Horror",4.4,1311
nm0006795,Salman Khan,1965,\N,"producer,actor,music_department","tt4832640,tt3863552,tt2016894,tt2372222",tt0106541,10,actor,\N,"[""Raja Rai""]",movie,Chandra Mukhi,Chandra Mukhi,0,1993,\N,152,"Comedy,Fantasy,Romance",4.0,941
nm0006795,Salman Khan,1965,\N,"producer,actor,music_department","tt4832640,tt3863552,tt2016894,tt2372222",tt0106725,3,actor,\N,"[""Vijay""]",movie,Dil Tera Aashiq,Dil Tera Aashiq,0,1993,\N,151,"Comedy,Drama,Romance",4.9,962
nm0006795,Salman Khan,1965,\N,"producer,actor,music_department","tt4832640,tt3863552,tt2016894,tt2372222",tt0107249,1,actor,\N,"[""Jugnu""]",movie,Jaagruti,Jaagruti,0,1993,\N,134,"Action,Drama",4.6,1227
nm0006795,Salman Khan,1965,\N,"producer,actor,music_department","tt4832640,tt3863552,tt2016894,tt2372222",tt0109117,2,actor,\N,"[""Prem Bhopali""]",movie,Andaz Apna Apna,Andaz Apna Apna,0,1994,\N,160,"Action,Comedy,Romance",8.0,56702
nm0006795,Salman Khan,1965,\N,"producer,actor,music_department","tt4832640,tt3863552,tt2016894,tt2372222",tt0109391,2,actor,\N,"[""Shyam S. Malhotra""]",movie,Chaand Kaa Tukdaa,Chaand Kaa Tukdaa,0,1994,\N,155,"Action,Comedy,Crime",3.9,825
nm0006795,Salman Khan,1965,\N,"producer,actor,music_department","tt4832640,tt3863552,tt2016894,tt2372222",tt0110076,2,actor,\N,"[""Prem Nath""]",movie,Hum Aapke Hain Koun..!,Hum Aapke Hain Koun..!,0,1994,\N,206,"Comedy,Drama,Musical",7.5,23479
nm0006795,Salman Khan,1965,\N,"producer,actor,music_department","tt4832640,tt3863552,tt2016894,tt2372222",tt0111067,7,actor,\N,"[""Kishan""]",movie,Sangdil Sanam,Sangdil Sanam,0,1994,\N,156,"Drama,Romance",4.2,738
nm0006795,Salman Khan,1965,\N,"producer,actor,music_department","tt4832640,tt3863552,tt2016894,tt2372222",tt0113526,2,actor,\N,"[""Karan Singh""]",movie,Karan Arjun,Karan Arjun,0,1995,\N,175,"Action,Drama,Fantasy",6.8,16864
nm0006795,Salman Khan,1965,\N,"producer,actor,music_department","tt4832640,tt3863552,tt2016894,tt2372222",tt0115019,1,actor,\N,"[""Gopal""]",movie,Yeh Majhdhaar,Yeh Majhdhaar,0,1996,\N,139,"Drama,Romance",5.1,1434
nm0006795,Salman Khan,1965,\N,"producer,actor,music_department","tt4832640,tt3863552,tt2016894,tt2372222",tt0116153,9,self,\N,"[""Self""]",movie,Dushman Duniya Ka,Dushman Duniya Ka,0,1996,\N,153,Drama,3.3,788
nm0006795,Salman Khan,1965,\N,"producer,actor,music_department","tt4832640,tt3863552,tt2016894,tt2372222",tt0116690,3,actor,\N,"[""Rajnath 'Raju' Sahay""]",movie,Jeet,Jeet,0,1996,\N,180,"Action,Romance",5.9,2807
nm0006795,Salman Khan,1965,\N,"producer,actor,music_department","tt4832640,tt3863552,tt2016894,tt2372222",tt0116763,3,actor,\N,"[""Raj""]",movie,Khamoshi the Musical,Khamoshi: The Musical,0,1996,\N,160,"Drama,Musical,Romance",7.4,4848
nm0006795,Salman Khan,1965,\N,"producer,actor,music_department","tt4832640,tt3863552,tt2016894,tt2372222",tt0118660,1,actor,\N,"[""Suraj Prakash""]",movie,Auzaar,Auzaar,0,1997,\N,127,"Action,Drama,Musical",4.6,1244
nm0006795,Salman Khan,1965,\N,"producer,actor,music_department","tt4832640,tt3863552,tt2016894,tt2372222",tt0119428,1,actor,\N,"[""Raja Patekar""]",movie,Judwaa,Judwaa,0,1997,\N,138,"Action,Comedy,Drama",6.2,7372
nm0006795,Salman Khan,1965,\N,"producer,actor,music_department","tt4832640,tt3863552,tt2016894,tt2372222",tt0119428,2,actor,\N,"[""Prem Malhotra""]",movie,Judwaa,Judwaa,0,1997,\N,138,"Action,Comedy,Drama",6.2,7372
nm0006795,Salman Khan,1965,\N,"producer,actor,music_department","tt4832640,tt3863552,tt2016894,tt2372222",tt0150992,2,actor,\N,"[""Sameer""]",movie,Straight from the Heart,Hum Dil De Chuke Sanam,0,1999,\N,188,"Comedy,Drama,Musical",7.4,20471
nm0006795,Salman Khan,1965,\N,"producer,actor,music_department","tt4832640,tt3863552,tt2016894,tt2372222",tt0168516,8,actor,\N,"[""Vicky Bhandari""]",movie,Biwi Ho To Aisi,Biwi Ho To Aisi,0,1988,\N,149,"Comedy,Drama",5.6,1055
nm0006795,Salman Khan,1965,\N,"producer,actor,music_department","tt4832640,tt3863552,tt2016894,tt2372222",tt0172684,4,actor,\N,"[""Aman Mehra""]",movie,Kuch Kuch Hota Hai,Kuch Kuch Hota Hai,0,1998,\N,185,"Comedy,Drama,Musical",7.5,59566
nm0006795,Salman Khan,1965,\N,"producer,actor,music_department","tt4832640,tt3863552,tt2016894,tt2372222",tt0173080,1,actor,\N,"[""Suraj Khanna""]",movie,Pyaar Kiya To Darna Kya,Pyaar Kiya To Darna Kya,0,1998,\N,162,"Action,Comedy,Drama",6.6,6331
nm0006795,Salman Khan,1965,\N,"producer,actor,music_department","tt4832640,tt3863552,tt2016894,tt2372222",tt0182251,1,actor,\N,"[""Suraj Dhanrajgir""]",movie,When One Falls in Love,Jab Pyaar Kisise Hota Hai,0,1998,\N,154,"Comedy,Drama,Romance",5.9,3216
nm0006795,Salman Khan,1965,\N,"producer,actor,music_department","tt4832640,tt3863552,tt2016894,tt2372222",tt0207341,2,actor,\N,"[""Prem Mehra""]",movie,Biwi No. 1,Biwi No. 1,0,1999,\N,159,"Comedy,Drama,Romance",5.7,6666
nm0006795,Salman Khan,1965,\N,"producer,actor,music_department","tt4832640,tt3863552,tt2016894,tt2372222",tt0216817,2,actor,\N,"[""Prem Chaturvedi""]",movie,Hum Saath-Saath Hain,Hum Saath-Saath Hain,0,1999,\N,177,"Drama,Musical",6.3,10408
nm0006795,Salman Khan,1965,\N,"producer,actor,music_department","tt4832640,tt3863552,tt2016894,tt2372222",tt0222024,3,actor,\N,"[""Suraj""]",movie,Hum Tumhare Hain Sanam,Hum Tumhare Hain Sanam,0,2002,\N,174,"Comedy,Drama,Romance",5.4,8068
nm0006795,Salman Khan,1965,\N,"producer,actor,music_department","tt4832640,tt3863552,tt2016894,tt2372222",tt0226847,1,actor,\N,"[""Rahul""]",movie,Jaanam Samjha Karo,Jaanam Samjha Karo,0,1999,\N,153,"Drama,Romance",4.8,2088
nm0006795,Salman Khan,1965,\N,"producer,actor,music_department","tt4832640,tt3863552,tt2016894,tt2372222",tt0233856,1,actor,\N,"[""Hero""]",movie,Hello Brother,Hello Brother,0,1999,\N,139,"Action,Comedy,Fantasy",4.7,4944
nm0006795,Salman Khan,1965,\N,"producer,actor,music_department","tt4832640,tt3863552,tt2016894,tt2372222",tt0244794,5,actor,\N,"[""Prem (Special Appearance)""]",movie,Only You,Sirf Tum,0,1999,\N,150,"Drama,Romance",6.2,1834
nm0006795,Salman Khan,1965,\N,"producer,actor,music_department","tt4832640,tt3863552,tt2016894,tt2372222",tt0245825,2,actor,\N,"[""Prem Oberoi""]",movie,Chal Mere Bhai,Chal Mere Bhai,0,2000,\N,136,"Comedy,Romance",4.7,3771
nm0006795,Salman Khan,1965,\N,"producer,actor,music_department","tt4832640,tt3863552,tt2016894,tt2372222",tt0247992,1,actor,\N,"[""Raja Oberoi""]",movie,Dulhan Hum Le Jayenge,Dulhan Hum Le Jayenge,0,2000,\N,158,"Comedy,Drama,Romance",5.1,4023
nm0006795,Salman Khan,1965,\N,"producer,actor,music_department","tt4832640,tt3863552,tt2016894,tt2372222",tt0250415,1,actor,\N,"[""Raj (Raju)""]",movie,Har Dil Jo Pyar Karega...,Har Dil Jo Pyar Karega...,0,2000,\N,173,"Comedy,Drama,Musical",5.1,5093
nm0006795,Salman Khan,1965,\N,"producer,actor,music_department","tt4832640,tt3863552,tt2016894,tt2372222",tt0250415,2,actor,\N,"[""Romi""]",movie,Har Dil Jo Pyar Karega...,Har Dil Jo Pyar Karega...,0,2000,\N,173,"Comedy,Drama,Musical",5.1,5093
nm0006795,Salman Khan,1965,\N,"producer,actor,music_department","tt4832640,tt3863552,tt2016894,tt2372222",tt0256692,1,actor,\N,"[""Raj Malhotra""]",movie,Chori Chori Chupke Chupke,Chori Chori Chupke Chupke,0,2001,\N,165,"Comedy,Drama,Musical",5.5,5597
nm0006795,Salman Khan,1965,\N,"producer,actor,music_department","tt4832640,tt3863552,tt2016894,tt2372222",tt0268401,2,actor,\N,"[""Prem Kapoor""]",movie,Kahin Pyaar Na Ho Jaaye,Kahin Pyaar Na Ho Jaaye,0,2000,\N,159,"Comedy,Drama,Musical",4.4,2677
nm0006795,Salman Khan,1965,\N,"producer,actor,music_department","tt4832640,tt3863552,tt2016894,tt2372222",tt0273452,2,actor,\N,"[""Raju""]",movie,Bandhan,Bandhan,0,1998,\N,154,"Action,Drama,Romance",4.8,2333
nm0006795,Salman Khan,1965,\N,"producer,actor,music_department","tt4832640,tt3863552,tt2016894,tt2372222",tt0291883,1,actor,\N,"[""Raja""]",movie,Ek Ladka Ek Ladki,Ek Ladka Ek Ladki,0,1992,\N,162,"Comedy,Romance",5.8,1391
nm0006795,Salman Khan,1965,\N,"producer,actor,music_department","tt4832640,tt3863552,tt2016894,tt2372222",tt0310254,3,actor,\N,"[""Veer Singh Thakur""]",movie,Tumko Na Bhool Paayenge,Tumko Na Bhool Paayenge,0,2002,\N,160,"Action,Comedy,Crime",5.7,3536
nm0006795,Salman Khan,1965,\N,"producer,actor,music_department","tt4832640,tt3863552,tt2016894,tt2372222",tt0310254,4,actor,\N,"[""Ali""]",movie,Tumko Na Bhool Paayenge,Tumko Na Bhool Paayenge,0,2002,\N,160,"Action,Comedy,Crime",5.7,3536
nm0006795,Salman Khan,1965,\N,"producer,actor,music_department","tt4832640,tt3863552,tt2016894,tt2372222",tt0328671,2,actor,\N,"[""Raj 'Raju' Saxena""]",movie,Yeh Hai Jalwa,Yeh Hai Jalwa,0,2002,\N,165,"Comedy,Drama,Romance",4.8,2986
nm0006795,Salman Khan,1965,\N,"producer,actor,music_department","tt4832640,tt3863552,tt2016894,tt2372222",tt0328671,3,actor,\N,"[""Raj Mittal""]",movie,Yeh Hai Jalwa,Yeh Hai Jalwa,0,2002,\N,165,"Comedy,Drama,Romance",4.8,2986
nm0006795,Salman Khan,1965,\N,"producer,actor,music_department","tt4832640,tt3863552,tt2016894,tt2372222",tt0329354,1,actor,\N,"[""Prem Rajput""]",movie,Marigold,Marigold,0,2007,\N,110,"Comedy,Music,Romance",4.8,2140
nm0006795,Salman Khan,1965,\N,"producer,actor,music_department","tt4832640,tt3863552,tt2016894,tt2372222",tt0337578,3,actor,\N,"[""Alok Raj""]",movie,Baghban,Baghban,0,2003,\N,181,"Drama,Romance",7.4,18210
nm0006795,Salman Khan,1965,\N,"producer,actor,music_department","tt4832640,tt3863552,tt2016894,tt2372222",tt0345594,10,actor,\N,"[""Song (Special Appearance)""]",movie,Love at Times Square,Love at Times Square,0,2003,\N,120,"Drama,Romance",2.4,250
nm0006795,Salman Khan,1965,\N,"producer,actor,music_department","tt4832640,tt3863552,tt2016894,tt2372222",tt0357208,3,self,\N,"[""Self""]",movie,Stumped,Stumped,0,2003,\N,121,"Comedy,Drama,Sport",2.6,149
nm0006795,Salman Khan,1965,\N,"producer,actor,music_department","tt4832640,tt3863552,tt2016894,tt2372222",tt0374271,1,actor,\N,"[""Radhe Mohan""]",movie,In Your Name,Tere Naam,0,2003,\N,132,"Action,Drama,Romance",7.2,21645
nm0006795,Salman Khan,1965,\N,"producer,actor,music_department","tt4832640,tt3863552,tt2016894,tt2372222",tt0392360,1,actor,\N,"[""Prithvi""]",movie,Love,Love,0,1991,\N,152,"Drama,Musical,Romance",6.0,1756
nm0006795,Salman Khan,1965,\N,"producer,actor,music_department","tt4832640,tt3863552,tt2016894,tt2372222",tt0395802,1,actor,\N,"[""Ajay""]",movie,Veergati,Veergati,0,1995,\N,166,"Action,Drama",5.8,1894
nm0006795,Salman Khan,1965,\N,"producer,actor,music_department","tt4832640,tt3863552,tt2016894,tt2372222",tt0396563,1,actor,\N,"[""Rishabh""]",movie,Dil Ne Jise Apna Kaha,Dil Ne Jise Apna Kaha,0,2004,\N,135,"Drama,Romance",4.4,2127
nm0006795,Salman Khan,1965,\N,"producer,actor,music_department","tt4832640,tt3863552,tt2016894,tt2372222",tt0415003,1,actor,\N,"[""ACP Arjun Ranavat""]",movie,Garv: Pride and Honour,Garv: Pride and Honour,0,2004,\N,162,"Action,Crime,Drama",5.6,5242
nm0006795,Salman Khan,1965,\N,"producer,actor,music_department","tt4832640,tt3863552,tt2016894,tt2372222",tt0418362,1,actor,\N,"[""Sameer Malhotra""]",movie,Mujhse Shaadi Karogi,Mujhse Shaadi Karogi,0,2004,\N,163,"Comedy,Romance",6.7,17926
nm0006795,Salman Khan,1965,\N,"producer,actor,music_department","tt4832640,tt3863552,tt2016894,tt2372222",tt0419468,2,actor,\N,"[""Avinash 'Avi' B. Kapoor""]",movie,Baabul,Baabul,0,2006,\N,169,"Drama,Family,Romance",5.4,3736
nm0006795,Salman Khan,1965,\N,"producer,actor,music_department","tt4832640,tt3863552,tt2016894,tt2372222",tt0422950,1,actor,\N,"[""Rohit Manchanda""]",movie,Phir Milenge,Phir Milenge,0,2004,\N,142,Drama,6.1,2484
nm0006795,Salman Khan,1965,\N,"producer,actor,music_department","tt4832640,tt3863552,tt2016894,tt2372222",tt0430589,1,actor,\N,"[""Ayaan""]",movie,Shaadi Karke Phas Gaya Yaar,Shaadi Karke Phas Gaya Yaar,0,2006,\N,152,"Comedy,Drama,Romance",4.0,1540
nm0006795,Salman Khan,1965,\N,"producer,actor,music_department","tt4832640,tt3863552,tt2016894,tt2372222",tt0449306,1,actor,\N,"[""Aditya \""Adi\"" Sekhri""]",movie,Lucky: No Time for Love,Lucky: No Time for Love,0,2005,\N,180,"Drama,Musical,Romance",4.7,3989
nm0006795,Salman Khan,1965,\N,"producer,actor,music_department","tt4832640,tt3863552,tt2016894,tt2372222",tt0451787,1,actor,\N,"[""Anand""]",movie,Kyon Ki...,Kyon Ki...,0,2005,\N,160,"Drama,Romance",5.5,5025
nm0006795,Salman Khan,1965,\N,"producer,actor,music_department","tt4832640,tt3863552,tt2016894,tt2372222",tt0451803,1,actor,\N,"[""Dr. Samir Malhotra""]",movie,Maine Pyaar Kyun Kiya,Maine Pyaar Kyun Kiya,0,2005,\N,145,"Comedy,Drama,Romance",5.6,6177
nm0006795,Salman Khan,1965,\N,"producer,actor,music_department","tt4832640,tt3863552,tt2016894,tt2372222",tt0451833,2,actor,\N,"[""Prem Khanna""]",movie,No Entry,No Entry,0,2005,\N,158,"Comedy,Drama,Musical",6.6,13505
nm0006795,Salman Khan,1965,\N,"producer,actor,music_department","tt4832640,tt3863552,tt2016894,tt2372222",tt0456481,1,actor,\N,"[""Suhaan Kapoor""]",movie,Jaan-E-Mann: Let's Fall in Love... Again,Jaan-E-Mann: Let's Fall in Love... Again,0,2006,\N,165,"Comedy,Drama,Musical",6.1,9517
nm0006795,Salman Khan,1965,\N,"producer,actor,music_department","tt4832640,tt3863552,tt2016894,tt2372222",tt0470521,1,actor,\N,"[""Bhagwan's Messenger""]",movie,Saawan... The Love Season,Saawan... The Love Season,0,2006,\N,123,"Drama,Fantasy,Romance",2.7,1492
nm0006795,Salman Khan,1965,\N,"producer,actor,music_department","tt4832640,tt3863552,tt2016894,tt2372222",tt0476550,2,actor,\N,"[""Arun Prajapati (A. P.)""]",movie,God Tussi Great Ho,God Tussi Great Ho,0,2008,\N,152,"Comedy,Fantasy",3.7,5222
nm0006795,Salman Khan,1965,\N,"producer,actor,music_department","tt4832640,tt3863552,tt2016894,tt2372222",tt0485272,1,actor,\N,"[""Ra√∫l""]",movie,Salaam-E-Ishq,Salaam-E-Ishq,0,2007,\N,216,"Comedy,Drama,Musical",5.2,5960
nm0006795,Salman Khan,1965,\N,"producer,actor,music_department","tt4832640,tt3863552,tt2016894,tt2372222",tt0485272,2,actor,\N,"[""Rahul""]",movie,Salaam-E-Ishq,Salaam-E-Ishq,0,2007,\N,216,"Comedy,Drama,Musical",5.2,5960
nm0006795,Salman Khan,1965,\N,"producer,actor,music_department","tt4832640,tt3863552,tt2016894,tt2372222",tt0486615,1,actor,\N,"[""Manjeet 'Mannu' Khosla""]",movie,London Dreams,London Dreams,0,2009,\N,146,"Crime,Drama,Music",5.4,5091
nm0006795,Salman Khan,1965,\N,"producer,actor,music_department","tt4832640,tt3863552,tt2016894,tt2372222",tt0758053,3,actor,\N,"[""Imaan""]",movie,Saawariya,Saawariya,0,2007,\N,142,"Drama,Musical,Romance",5.2,8634
nm0006795,Salman Khan,1965,\N,"producer,actor,music_department","tt4832640,tt3863552,tt2016894,tt2372222",tt0807758,1,actor,\N,"[""Prem 'Love Guru'""]",movie,Partner,Partner,0,2007,\N,155,"Comedy,Drama,Romance",5.8,14336
nm0006795,Salman Khan,1965,\N,"producer,actor,music_department","tt4832640,tt3863552,tt2016894,tt2372222",tt1084972,1,actor,\N,"[""Radhe""]",movie,Wanted,Wanted,0,2009,\N,147,"Action,Thriller",6.6,27139
nm0006795,Salman Khan,1965,\N,"producer,actor,music_department","tt4832640,tt3863552,tt2016894,tt2372222",tt1087856,11,actor,\N,"[""Khan""]",movie,Hello,Hello,0,2008,\N,129,"Drama,Romance",3.3,2347
nm0006795,Salman Khan,1965,\N,"producer,actor,music_department","tt4832640,tt3863552,tt2016894,tt2372222",tt10888594,1,actor,\N,"[""Radhe""]",movie,Radhe,Radhe,0,2021,\N,109,"Action,Thriller",1.8,180656
nm0006795,Salman Khan,1965,\N,"producer,actor,music_department","tt4832640,tt3863552,tt2016894,tt2372222",tt1105747,1,actor,\N,"[""Deven Y. Yuvvraaj Singh""]",movie,Yuvvraaj,Yuvvraaj,0,2008,\N,151,"Comedy,Drama,Musical",4.1,4828
nm0006795,Salman Khan,1965,\N,"producer,actor,music_department","tt4832640,tt3863552,tt2016894,tt2372222",tt1114725,7,actor,\N,"[""Hav. Balkar Singh""]",movie,Heroes,Heroes,0,2008,\N,139,"Action,Adventure,Comedy",5.7,2422
nm0006795,Salman Khan,1965,\N,"producer,actor,music_department","tt4832640,tt3863552,tt2016894,tt2372222",tt1114725,8,actor,\N,"[""Lt. Jaswinder 'Jassi' Singh""]",movie,Heroes,Heroes,0,2008,\N,139,"Action,Adventure,Comedy",5.7,2422
nm0006795,Salman Khan,1965,\N,"producer,actor,music_department","tt4832640,tt3863552,tt2016894,tt2372222",tt1174041,1,actor,\N,"[""Samir Khanna""]",movie,Me and Mrs. Khanna,Main Aurr Mrs Khanna,0,2009,\N,109,"Comedy,Drama,Romance",3.4,3472
nm0006795,Salman Khan,1965,\N,"producer,actor,music_department","tt4832640,tt3863552,tt2016894,tt2372222",tt1185412,1,actor,\N,"[""Veer Pratap Singh""]",movie,Veer,Veer,0,2010,\N,169,"Action,Adventure,Drama",4.6,9072
nm0006795,Salman Khan,1965,\N,"producer,actor,music_department","tt4832640,tt3863552,tt2016894,tt2372222",tt1185412,2,actor,\N,"[""Mahendra Pratap Singh""]",movie,Veer,Veer,0,2010,\N,169,"Action,Adventure,Drama",4.6,9072
nm0006795,Salman Khan,1965,\N,"producer,actor,music_department","tt4832640,tt3863552,tt2016894,tt2372222",tt1188982,1,actor,\N,"[""Jai Agnihotri""]",movie,Jai Ho,Jai Ho,0,2014,\N,135,"Action,Drama",5.0,21451
nm0006795,Salman Khan,1965,\N,"producer,actor,music_department","tt4832640,tt3863552,tt2016894,tt2372222",tt13130308,4,actor,\N,"[""Masoom Bhai""]",movie,Godfather,Godfather,0,2022,\N,157,"Action,Crime,Drama",5.1,7914
nm0006795,Salman Khan,1965,\N,"producer,actor,music_department","tt4832640,tt3863552,tt2016894,tt2372222",tt13491110,1,actor,\N,"[""Rajveer Singh""]",movie,Antim: The Final Truth,Antim: The Final Truth,0,2021,\N,138,"Action,Crime,Drama",6.1,42590
nm0006795,Salman Khan,1965,\N,"producer,actor,music_department","tt4832640,tt3863552,tt2016894,tt2372222",tt1620719,1,actor,\N,"[""Inspector Chulbul Pandey""]",movie,Dabangg,Dabangg,0,2010,\N,126,"Action,Comedy,Crime",6.3,35530
nm0006795,Salman Khan,1965,\N,"producer,actor,music_department","tt4832640,tt3863552,tt2016894,tt2372222",tt1708532,1,actor,\N,"[""Prem R. Kapoor""]",movie,Ready,Ready,0,2011,\N,145,"Action,Comedy,Romance",4.9,20642
nm0006795,Salman Khan,1965,\N,"producer,actor,music_department","tt4832640,tt3863552,tt2016894,tt2372222",tt1729637,1,actor,\N,"[""Lovely B. Singh""]",movie,Bodyguard,Bodyguard,0,2011,\N,130,"Action,Drama,Romance",4.8,28991
nm0006795,Salman Khan,1965,\N,"producer,actor,music_department","tt4832640,tt3863552,tt2016894,tt2372222",tt18411490,1,actor,\N,"[""Tiger (Avinash Rathod)""]",movie,Tiger 3,Tiger 3,0,2023,\N,155,"Action,Adventure,Thriller",5.7,55164
nm0006795,Salman Khan,1965,\N,"producer,actor,music_department","tt4832640,tt3863552,tt2016894,tt2372222",tt1841542,20,producer,producer,\N,movie,Children's Party,Chillar Party,0,2011,\N,135,"Comedy,Drama,Family",7.5,9046
nm0006795,Salman Khan,1965,\N,"producer,actor,music_department","tt4832640,tt3863552,tt2016894,tt2372222",tt1986040,5,actor,\N,"[""Salman Khan""]",movie,Ishkq in Paris,Ishkq in Paris,0,2013,\N,95,"Comedy,Romance",3.8,856
nm0006795,Salman Khan,1965,\N,"producer,actor,music_department","tt4832640,tt3863552,tt2016894,tt2372222",tt2016894,1,actor,\N,"[""Tiger""]",movie,Ek Tha Tiger,Ek Tha Tiger,0,2012,\N,132,"Action,Adventure,Drama",5.7,40334
nm0006795,Salman Khan,1965,\N,"producer,actor,music_department","tt4832640,tt3863552,tt2016894,tt2372222",tt2112131,1,actor,\N,"[""Chulbul Pandey""]",movie,Fearless 2,Dabangg 2,0,2012,\N,120,"Action,Comedy,Crime",4.8,20605
nm0006795,Salman Khan,1965,\N,"producer,actor,music_department","tt4832640,tt3863552,tt2016894,tt2372222",tt2372222,1,actor,\N,"[""Devi Lal Singh""]",movie,Kick,Kick,0,2014,\N,146,"Action,Comedy,Crime",6.0,74293
nm0006795,Salman Khan,1965,\N,"producer,actor,music_department","tt4832640,tt3863552,tt2016894,tt2372222",tt2372222,2,actor,\N,"[""Devil""]",movie,Kick,Kick,0,2014,\N,146,"Action,Comedy,Crime",6.0,74293
nm0006795,Salman Khan,1965,\N,"producer,actor,music_department","tt4832640,tt3863552,tt2016894,tt2372222",tt27139868,2,actor,\N,\N,movie,Yo Yo Honey Singh: Famous,Yo Yo Honey Singh: Famous,0,2024,\N,80,"Documentary,Drama",6.8,4994
nm0006795,Salman Khan,1965,\N,"producer,actor,music_department","tt4832640,tt3863552,tt2016894,tt2372222",tt27757805,1,actor,\N,"[""Agent Bhaijaan""]",movie,Baby John,Baby John,0,2024,\N,159,"Action,Crime,Drama",5.2,17076
nm0006795,Salman Khan,1965,\N,"producer,actor,music_department","tt4832640,tt3863552,tt2016894,tt2372222",tt2831404,17,producer,producer,\N,movie,Dr. Cabbie,Dr. Cabbie,0,2014,\N,101,Comedy,6.0,3914
nm0006795,Salman Khan,1965,\N,"producer,actor,music_department","tt4832640,tt3863552,tt2016894,tt2372222",tt31712434,1,actor,\N,"[""Sanjay Rajkot""]",movie,Sikandar,Sikandar,0,2025,\N,148,"Action,Drama,Thriller",4.2,48875
nm0006795,Salman Khan,1965,\N,"producer,actor,music_department","tt4832640,tt3863552,tt2016894,tt2372222",tt31712434,2,actor,\N,"[""Sikandar""]",movie,Sikandar,Sikandar,0,2025,\N,148,"Action,Drama,Thriller",4.2,48875
nm0006795,Salman Khan,1965,\N,"producer,actor,music_department","tt4832640,tt3863552,tt2016894,tt2372222",tt3595298,1,actor,\N,"[""Prem Dilwale""]",movie,Prem Ratan Dhan Payo,Prem Ratan Dhan Payo,0,2015,\N,164,"Action,Drama,Musical",4.4,24470
nm0006795,Salman Khan,1965,\N,"producer,actor,music_department","tt4832640,tt3863552,tt2016894,tt2372222",tt3595298,2,actor,\N,"[""Yuvraj Vijay Singh""]",movie,Prem Ratan Dhan Payo,Prem Ratan Dhan Payo,0,2015,\N,164,"Action,Drama,Musical",4.4,24470
nm0006795,Salman Khan,1965,\N,"producer,actor,music_department","tt4832640,tt3863552,tt2016894,tt2372222",tt3679040,1,actor,\N,"[""Bhaijaan""]",movie,Kisi Ka Bhai Kisi Ki Jaan,Kisi Ka Bhai Kisi Ki Jaan,0,2023,\N,145,"Action,Comedy,Drama",4.0,41582
nm0006795,Salman Khan,1965,\N,"producer,actor,music_department","tt4832640,tt3863552,tt2016894,tt2372222",tt3850798,8,actor,\N,"[""Bhau""]",movie,Lai Bhaari,Lai Bhaari,0,2014,\N,157,"Action,Drama",6.2,1182
nm0006795,Salman Khan,1965,\N,"producer,actor,music_department","tt4832640,tt3863552,tt2016894,tt2372222",tt3863552,1,actor,\N,"[""Pawan Kumar Chaturvedi""]",movie,Bajrangi Bhaijaan,Bajrangi Bhaijaan,0,2015,\N,163,"Action,Adventure,Comedy",8.1,104663
nm0006795,Salman Khan,1965,\N,"producer,actor,music_department","tt4832640,tt3863552,tt2016894,tt2372222",tt3863552,2,actor,\N,"[""Bajrangi Bhaijaan""]",movie,Bajrangi Bhaijaan,Bajrangi Bhaijaan,0,2015,\N,163,"Action,Adventure,Comedy",8.1,104663
nm0006795,Salman Khan,1965,\N,"producer,actor,music_department","tt4832640,tt3863552,tt2016894,tt2372222",tt3863552,20,producer,producer,\N,movie,Bajrangi Bhaijaan,Bajrangi Bhaijaan,0,2015,\N,163,"Action,Adventure,Comedy",8.1,104663
nm0006795,Salman Khan,1965,\N,"producer,actor,music_department","tt4832640,tt3863552,tt2016894,tt2372222",tt4467202,16,producer,producer,\N,movie,Hero,Hero,0,2015,\N,145,"Action,Drama,Musical",3.6,2978
nm0006795,Salman Khan,1965,\N,"producer,actor,music_department","tt4832640,tt3863552,tt2016894,tt2372222",tt4832640,1,actor,\N,"[""Sultan Ali Khan""]",movie,Sultan,Sultan,0,2016,\N,170,"Action,Drama,Romance",7.1,55175
nm0006795,Salman Khan,1965,\N,"producer,actor,music_department","tt4832640,tt3863552,tt2016894,tt2372222",tt5882970,1,actor,\N,"[""Laxman""]",movie,Tubelight,Tubelight,0,2017,\N,136,"Drama,War",4.0,22483
nm0006795,Salman Khan,1965,\N,"producer,actor,music_department","tt4832640,tt3863552,tt2016894,tt2372222",tt5882970,15,producer,producer,\N,movie,Tubelight,Tubelight,0,2017,\N,136,"Drama,War",4.0,22483
nm0006795,Salman Khan,1965,\N,"producer,actor,music_department","tt4832640,tt3863552,tt2016894,tt2372222",tt5956100,1,actor,\N,"[""Tiger""]",movie,Tiger Zinda Hai,Tiger Zinda Hai,0,2017,\N,161,"Action,Adventure,Thriller",5.9,35330
nm0006795,Salman Khan,1965,\N,"producer,actor,music_department","tt4832640,tt3863552,tt2016894,tt2372222",tt5956100,2,actor,\N,"[""Avinash Singh Rathore""]",movie,Tiger Zinda Hai,Tiger Zinda Hai,0,2017,\N,161,"Action,Adventure,Thriller",5.9,35330
nm0006795,Salman Khan,1965,\N,"producer,actor,music_department","tt4832640,tt3863552,tt2016894,tt2372222",tt6405220,6,actor,\N,\N,movie,Bulund,Bulund,0,1993,\N,132,Action,4.2,204
nm0006795,Salman Khan,1965,\N,"producer,actor,music_department","tt4832640,tt3863552,tt2016894,tt2372222",tt6417788,5,self,\N,"[""Self""]",movie,That's What It's All About: The Journey of Prem Ratan Dhan Payo,That's What It's All About: The Journey of Prem Ratan Dhan Payo,0,2017,\N,65,Documentary,4.5,20
nm0006795,Salman Khan,1965,\N,"producer,actor,music_department","tt4832640,tt3863552,tt2016894,tt2372222",tt6649234,17,producer,producer,\N,movie,Be Happy,Be Happy,0,2025,\N,128,Drama,6.5,1393
nm0006795,Salman Khan,1965,\N,"producer,actor,music_department","tt4832640,tt3863552,tt2016894,tt2372222",tt6941654,1,actor,\N,"[""Hanuman""]",movie,Hanuman Da' Damdaar,Hanuman Da' Damdaar,0,2017,\N,105,"Animation,Family",5.3,288
nm0006795,Salman Khan,1965,\N,"producer,actor,music_department","tt4832640,tt3863552,tt2016894,tt2372222",tt7059844,1,actor,\N,"[""Inspector Chulbul Pandey""]",movie,Dabangg 3,Dabangg 3,0,2019,\N,160,"Action,Comedy,Crime",3.0,20965
nm0006795,Salman Khan,1965,\N,"producer,actor,music_department","tt4832640,tt3863552,tt2016894,tt2372222",tt7059844,18,producer,producer,\N,movie,Dabangg 3,Dabangg 3,0,2019,\N,160,"Action,Comedy,Crime",3.0,20965
nm0006795,Salman Khan,1965,\N,"producer,actor,music_department","tt4832640,tt3863552,tt2016894,tt2372222",tt7275232,7,self,\N,"[""Self""]",movie,Welcome to New York,Welcome to New York,0,2018,\N,118,"Comedy,Drama",1.5,1017
nm0006795,Salman Khan,1965,\N,"producer,actor,music_department","tt4832640,tt3863552,tt2016894,tt2372222",tt7431594,2,actor,\N,"[""Sikander""]",movie,Race 3,Race 3,0,2018,\N,160,"Action,Thriller",1.9,49566
nm0006795,Salman Khan,1965,\N,"producer,actor,music_department","tt4832640,tt3863552,tt2016894,tt2372222",tt7431594,16,producer,producer,\N,movie,Race 3,Race 3,0,2018,\N,160,"Action,Thriller",1.9,49566
nm0006795,Salman Khan,1965,\N,"producer,actor,music_department","tt4832640,tt3863552,tt2016894,tt2372222",tt7721800,1,actor,\N,"[""Bharat""]",movie,Bharat,Bharat,0,2019,\N,150,"Action,Comedy,Drama",4.7,33204
nm0006795,Salman Khan,1965,\N,"producer,actor,music_department","tt4832640,tt3863552,tt2016894,tt2372222",tt7820846,14,producer,producer,\N,movie,Love Will Take Over,Loveyatri,0,2018,\N,140,"Comedy,Drama,Music",3.4,2612
nm0006795,Salman Khan,1965,\N,"producer,actor,music_department","tt4832640,tt3863552,tt2016894,tt2372222",tt9105014,17,producer,producer,\N,movie,Notebook,Notebook,0,2019,\N,115,Romance,7.0,3523
nm4996197,Salman Khan,\N,\N,actor,tt2354223,tt2354223,3,actor,\N,"[""Salman""]",movie,Mumbai's King,Mumbai Cha Raja,0,2012,\N,77,Drama,6.3,181
nm9413387,Salman Khan,\N,\N,actor,tt7624840,tt7624840,9,actor,\N,"[""Munna""]",movie,Paharganj,Paharganj,0,2019,\N,108,"Crime,Drama,Mystery",3.8,2434
