tconst,ordering,nconst,category,job,characters
tt0099080,1,nm0006795,actor,\N,"[""Saajan Sood""]"
tt0099080,12,nm0006795,writer,idea,\N
tt0100095,1,nm0006795,actor,\N,"[""Prem Choudhary""]"
tt0101732,9,nm0451321,actor,\N,"[""Karan D. Singh""]"
tt0102645,1,nm0006795,actor,\N,"[""Suraj Verma""]"
tt0102746,3,nm0006795,actor,\N,"[""Akash Singh""]"
tt0102825,3,nm0006795,actor,\N,"[""Akash Verma""]"
tt0102835,1,nm0006795,actor,\N,"[""Salman Khan""]"
tt0104478,1,nm0451321,actor,\N,"[""Pawan Raghujan""]"
tt0105007,2,nm0006795,actor,\N,"[""Vasudev Gujral""]"
tt0105007,3,nm0006795,actor,\N,"[""Rohan Yadav""]"
tt0105500,1,nm0006795,actor,\N,"[""Vicky""]"
tt0105500,2,nm0006795,actor,\N,"[""Suryavanshi Vikram Singh""]"
tt0106333,1,nm0451321,actor,\N,"[""Ajay Sharma""]"
tt0106541,10,nm0006795,actor,\N,"[""Raja Rai""]"
tt0106541,13,nm0006795,writer,idea,\N
tt0106725,3,nm0006795,actor,\N,"[""Vijay""]"
tt0107249,1,nm0006795,actor,\N,"[""Jugnu""]"
tt0107321,2,nm0451321,actor,\N,"[""Anil Bansal""]"
tt0109117,2,nm0006795,actor,\N,"[""Prem Bhopali""]"
tt0109134,2,nm0451321,actor,\N,"[""Vijay Agnihotri""]"
tt0109391,2,nm0006795,actor,\N,"[""Shyam S. Malhotra""]"
tt0109555,3,nm0451321,actor,\N,"[""Rahul Mehra""]"
tt0110076,2,nm0006795,actor,\N,"[""Prem Nath""]"
tt0110222,1,nm0451321,actor,\N,"[""Sunil""]"
tt0111067,7,nm0006795,actor,\N,"[""Kishan""]"
tt0112870,1,nm0451321,actor,\N,"[""Raj Malhotra""]"
tt0113526,2,nm0006795,actor,\N,"[""Karan Singh""]"
tt0113526,3,nm0451321,actor,\N,"[""Arjun Singh""]"
tt0114031,1,nm0451321,actor,\N,"[""Hero""]"
tt0114231,1,nm0451321,actor,\N,"[""Ram Jaane""]"
tt0114726,4,nm0451321,actor,\N,"[""Romi Singh""]"
tt0114726,5,nm0451321,actor,\N,"[""Bholey""]"
tt0115019,1,nm0006795,actor,\N,"[""Gopal""]"
tt0115042,3,nm0451321,actor,\N,"[""Rahul Malhotra""]"
tt0115568,2,nm0451321,actor,\N,"[""Arjun""]"
tt0116153,9,nm0006795,self,\N,"[""Self""]"
tt0116153,10,nm0451321,actor,\N,"[""Badru (Rickshaw driver)""]"
tt0116690,3,nm0006795,actor,\N,"[""Rajnath 'Raju' Sahay""]"
tt0116763,3,nm0006795,actor,\N,"[""Raj""]"
tt0118660,1,nm0006795,actor,\N,"[""Suraj Prakash""]"
tt0118983,1,nm0451321,actor,\N,"[""Rahul""]"
tt0119428,1,nm0006795,actor,\N,"[""Raja Patekar""]"
tt0119428,2,nm0006795,actor,\N,"[""Prem Malhotra""]"
tt0119861,1,nm0451321,actor,\N,"[""Arjun Saagar""]"
tt0120540,1,nm0451321,actor,\N,"[""Rahul Joshi""]"
tt0126234,2,nm0451321,actor,\N,"[""Sunder Srivastava""]"
tt0126871,3,nm0451321,actor,\N,"[""Raja Sahai""]"
tt0136153,1,nm0451321,actor,\N,"[""Vikram""]"
tt0136153,2,nm0451321,actor,\N,"[""Hari""]"
tt0136153,3,nm0451321,actor,\N,"[""Gopal Mayur""]"
tt0136352,1,nm0451321,actor,\N,"[""Shanker""]"
tt0137100,4,nm0451321,actor,\N,"[""Lalit""]"
tt0150992,2,nm0006795,actor,\N,"[""Sameer""]"
tt0151150,1,nm0451321,actor,\N,"[""Max 'Maxie' Dias""]"
tt0164538,1,nm0451321,actor,\N,"[""Amarkanth Varma""]"
tt0164550,1,nm0451321,actor,\N,"[""Bablu Chaudhary""]"
tt0164550,2,nm0451321,actor,\N,"[""Manu Dada""]"
tt0168516,8,nm0006795,actor,\N,"[""Vicky Bhandari""]"
tt0172234,2,nm0451321,actor,\N,"[""Roop Singh Rathod""]"
tt0172519,4,nm0451321,actor,\N,"[""Guddu Bahadur""]"
tt0172684,1,nm0451321,actor,\N,"[""Rahul Khanna""]"
tt0172684,4,nm0006795,actor,\N,"[""Aman Mehra""]"
tt0173080,1,nm0006795,actor,\N,"[""Suraj Khanna""]"
tt0173102,1,nm0451321,actor,\N,"[""Raj Mathur 'Raju'""]"
tt0182251,1,nm0006795,actor,\N,"[""Suraj Dhanrajgir""]"
tt0207341,2,nm0006795,actor,\N,"[""Prem Mehra""]"
tt0211934,1,nm0451321,actor,\N,"[""Raj 'Baadshah'""]"
tt0213890,2,nm0451321,actor,\N,"[""Raj Aryan Malhotra""]"
tt0214815,6,nm0006795,self,\N,"[""Self""]"
tt0216817,2,nm0006795,actor,\N,"[""Prem Chaturvedi""]"
tt0221982,12,nm0451321,actor,\N,"[""Shahrukh""]"
tt0222012,2,nm0451321,actor,\N,"[""Amjad Ali Khan""]"
tt0222024,1,nm0451321,actor,\N,"[""Gopal""]"
tt0222024,3,nm0006795,actor,\N,"[""Suraj""]"
tt0222270,1,nm0451321,actor,\N,"[""Ajay Bakshi""]"
tt0222270,16,nm0451321,producer,producer,\N
tt0226847,1,nm0006795,actor,\N,"[""Rahul""]"
tt0227194,1,nm0451321,actor,\N,"[""Arun Verma""]"
tt0233856,1,nm0006795,actor,\N,"[""Hero""]"
tt0238936,1,nm0451321,actor,\N,"[""Devdas Mukherji""]"
tt0244794,5,nm0006795,actor,\N,"[""Prem (Special Appearance)""]"
tt0245825,2,nm0006795,actor,\N,"[""Prem Oberoi""]"
tt0247992,1,nm0006795,actor,\N,"[""Raja Oberoi""]"
tt0248126,1,nm0451321,actor,\N,"[""Rahul Raichand""]"
tt0249371,1,nm0451321,actor,\N,"[""Asoka""]"
tt0249371,15,nm0451321,producer,producer,\N
tt0250415,1,nm0006795,actor,\N,"[""Raj (Raju)""]"
tt0250415,2,nm0006795,actor,\N,"[""Romi""]"
tt0250875,4,nm0451321,self,\N,"[""Self""]"
tt0250875,5,nm0451321,self,\N,"[""Self - Host""]"
tt0256692,1,nm0006795,actor,\N,"[""Raj Malhotra""]"
tt0268401,2,nm0006795,actor,\N,"[""Prem Kapoor""]"
tt0273452,2,nm0006795,actor,\N,"[""Raju""]"
tt0273672,7,nm0451321,self,\N,"[""Self""]"
tt0288364,1,nm0451321,self,\N,"[""Self""]"
tt0291883,1,nm0006795,actor,\N,"[""Raja""]"
tt0295776,1,nm0451321,actor,\N,"[""Lt. Abhimanyu Rai""]"
tt0296535,10,nm0451321,self,\N,"[""Self""]"
tt0297032,7,nm0451321,self,\N,"[""Self""]"
tt0310254,3,nm0006795,actor,\N,"[""Veer Singh Thakur""]"
tt0310254,4,nm0006795,actor,\N,"[""Ali""]"
tt0313844,11,nm15660741,actor,\N,\N
tt0328671,2,nm0006795,actor,\N,"[""Raj 'Raju' Saxena""]"
tt0328671,3,nm0006795,actor,\N,"[""Raj Mittal""]"
tt0329354,1,nm0006795,actor,\N,"[""Prem Rajput""]"
tt0330843,3,nm0451321,actor,\N,"[""Yeshwant Rao""]"
tt0331639,5,nm0451321,actor,\N,"[""Jaisingh (Drifter)""]"
tt0337578,3,nm0006795,actor,\N,"[""Alok Raj""]"
tt0342949,2,nm0451321,self,\N,"[""Self""]"
tt0344720,1,nm0006795,self,\N,"[""Self""]"
tt0345594,10,nm0006795,actor,\N,"[""Song (Special Appearance)""]"
tt0346723,1,nm0451321,actor,\N,"[""Raj Mathur""]"
tt0346723,17,nm0451321,producer,producer,\N
tt0347304,2,nm0451321,actor,\N,"[""Aman Mathur""]"
tt0347473,1,nm0451321,actor,\N,"[""Maj. Ram Prasad Sharma""]"
tt0347473,16,nm0451321,producer,producer,\N
tt0357208,3,nm0006795,self,\N,"[""Self""]"
tt0367110,1,nm0451321,actor,\N,"[""Mohan Bhargava""]"
tt0370114,1,nm0451321,actor,\N,"[""Shekharan""]"
tt0374271,1,nm0006795,actor,\N,"[""Radhe Mohan""]"
tt0385351,1,nm0451321,actor,\N,"[""Dushant""]"
tt0388197,1,nm0451321,self,\N,"[""Self""]"
tt0390678,5,nm0451321,self,\N,"[""Self""]"
tt0390678,8,nm0006795,self,\N,"[""Self""]"
tt0392360,1,nm0006795,actor,\N,"[""Prithvi""]"
tt0395802,1,nm0006795,actor,\N,"[""Ajay""]"
tt0396410,1,nm0451321,self,\N,"[""Self - Host & Winner""]"
tt0396563,1,nm0006795,actor,\N,"[""Rishabh""]"
tt0397233,1,nm0451321,self,\N,"[""Self - Host""]"
tt0415003,1,nm0006795,actor,\N,"[""ACP Arjun Ranavat""]"
tt0415908,13,nm0451321,producer,producer,\N
tt0418362,1,nm0006795,actor,\N,"[""Sameer Malhotra""]"
tt0419468,2,nm0006795,actor,\N,"[""Avinash 'Avi' B. Kapoor""]"
tt0420332,1,nm0451321,actor,\N,"[""Veer Pratap Singh""]"
tt0422950,1,nm0006795,actor,\N,"[""Rohit Manchanda""]"
tt0430589,1,nm0006795,actor,\N,"[""Ayaan""]"
tt0445883,6,nm0451321,self,\N,"[""Self - Guest""]"
tt0449306,1,nm0006795,actor,\N,"[""Aditya \""Adi\"" Sekhri""]"
tt0449999,1,nm0451321,actor,\N,"[""Dev Saran""]"
tt0451787,1,nm0006795,actor,\N,"[""Anand""]"
tt0451803,1,nm0006795,actor,\N,"[""Dr. Samir Malhotra""]"
tt0451833,2,nm0006795,actor,\N,"[""Prem Khanna""]"
tt0451850,1,nm0451321,actor,\N,"[""Kishan Laal""]"
tt0451850,2,nm0451321,actor,\N,"[""Prem The Ghost (Dual Role)""]"
tt0451850,17,nm0451321,producer,producer,\N
tt0456481,1,nm0006795,actor,\N,"[""Suhaan Kapoor""]"
tt0461936,1,nm0451321,actor,\N,"[""Mark Donald (Don)""]"
tt0461936,2,nm0451321,actor,\N,"[""Vijay Pal""]"
tt0470521,1,nm0006795,actor,\N,"[""Bhagwan's Messenger""]"
tt0476550,2,nm0006795,actor,\N,"[""Arun Prajapati (A. P.)""]"
tt0485272,1,nm0006795,actor,\N,"[""Ra√∫l""]"
tt0485272,2,nm0006795,actor,\N,"[""Rahul""]"
tt0486615,1,nm0006795,actor,\N,"[""Manjeet 'Mannu' Khosla""]"
tt0523720,4,nm0451321,self,\N,"[""Self""]"
tt0618985,2,nm0451321,self,\N,"[""Self""]"
tt0621272,3,nm0451321,self,\N,"[""Self - Guest""]"
tt0621280,4,nm0451321,self,\N,"[""Self - Guest""]"
tt0684982,1,nm0451321,self,\N,"[""Self""]"
tt0685929,3,nm0451321,self,\N,"[""Self""]"
tt0700068,1,nm0006795,self,\N,"[""Self""]"
tt0723929,6,nm0451321,self,\N,"[""Self""]"
tt0758053,3,nm0006795,actor,\N,"[""Imaan""]"
tt0772737,7,nm0451321,self,\N,"[""Self""]"
tt0806088,8,nm0451321,actor,\N,"[""Raj Malhotra""]"
tt0807758,1,nm0006795,actor,\N,"[""Prem 'Love Guru'""]"
tt0857381,10,nm0451321,actor,\N,"[""Street Guitarist""]"
tt0871510,1,nm0451321,actor,\N,"[""Kabir Khan""]"
tt0991346,7,nm0451321,actor,\N,"[""Aditya Sharma""]"
tt0994282,1,nm0451321,self,\N,"[""Self""]"
tt10002296,4,nm0006795,self,\N,"[""Self - Host""]"
tt10002320,4,nm0006795,self,\N,"[""Self - Host""]"
tt10002324,4,nm0006795,self,\N,"[""Self - Host""]"
tt10002328,4,nm0006795,self,\N,"[""Self - Host""]"
tt10002334,4,nm0006795,self,\N,"[""Self - Host""]"
tt10002348,4,nm0006795,self,\N,"[""Self - Host""]"
tt10002366,4,nm0006795,self,\N,"[""Self - Host""]"
tt10002374,4,nm0006795,self,\N,"[""Self - Host""]"
tt10002382,4,nm0006795,self,\N,"[""Self - Host""]"
tt10002384,4,nm0006795,self,\N,"[""Self - Host""]"
tt10002388,4,nm0006795,self,\N,"[""Self - Host""]"
tt10002398,4,nm0006795,self,\N,"[""Self - Host""]"
tt10002412,7,nm0006795,self,\N,"[""Self - Host""]"
tt10002422,4,nm0006795,self,\N,"[""Self - Host""]"
tt10002434,4,nm0006795,self,\N,"[""Self - Host""]"
tt10002446,4,nm0006795,self,\N,"[""Self - Host""]"
tt10002458,4,nm0006795,self,\N,"[""Self - Host""]"
tt10002462,4,nm0006795,self,\N,"[""Self - Host""]"
tt10002470,4,nm0006795,self,\N,"[""Self - Host""]"
tt10002472,4,nm0006795,self,\N,"[""Self - Host""]"
tt10002476,4,nm0006795,self,\N,"[""Self - Host""]"
tt10002478,5,nm0006795,self,\N,"[""Self - Host""]"
tt10002480,4,nm0006795,self,\N,"[""Self - Host""]"
tt10002490,4,nm0006795,self,\N,"[""Self - Host""]"
tt10002500,4,nm0006795,self,\N,"[""Self - Host""]"
tt10011726,1,nm0451321,actor,\N,"[""Shekharan""]"
tt10011730,1,nm0451321,actor,\N,"[""Shekharan""]"
tt10011734,1,nm0451321,actor,\N,"[""Shekharan""]"
tt10011736,1,nm0451321,actor,\N,"[""Shekharan""]"
tt10011738,1,nm0451321,actor,\N,"[""Shekharan""]"
tt10011740,1,nm0451321,actor,\N,"[""Shekharan""]"
tt10011742,1,nm0451321,actor,\N,"[""Shekharan""]"
tt10011744,1,nm0451321,actor,\N,"[""Shekharan""]"
tt10011748,1,nm0451321,actor,\N,"[""Shekharan""]"
tt10011750,1,nm0451321,actor,\N,"[""Shekharan""]"
tt10011754,1,nm0451321,actor,\N,"[""Shekharan""]"
tt10011756,1,nm0451321,actor,\N,"[""Shekharan""]"
tt10011758,1,nm0451321,actor,\N,"[""Shekharan""]"
tt10011760,1,nm0451321,actor,\N,"[""Shekharan""]"
tt10011762,1,nm0451321,actor,\N,"[""Shekharan""]"
tt10011764,1,nm0451321,actor,\N,"[""Shekharan""]"
tt10011766,1,nm0451321,actor,\N,"[""Shekharan""]"
tt10042310,7,nm0006795,self,\N,"[""Self - Host""]"
tt10042312,7,nm0006795,self,\N,"[""Self - Host""]"
tt10042314,7,nm0006795,self,\N,"[""Self - Host""]"
tt10042324,4,nm0006795,self,\N,"[""Self - Host""]"
tt10042326,4,nm0006795,self,\N,"[""Self - Host""]"
tt10042328,4,nm0006795,self,\N,"[""Self - Host""]"
tt10042330,4,nm0006795,self,\N,"[""Self - Host""]"
tt10042332,4,nm0006795,self,\N,"[""Self - Host""]"
tt10052020,9,nm0451321,self,\N,"[""Self""]"
tt10088146,10,nm0006795,self,\N,"[""Self""]"
tt10088150,10,nm0006795,actor,\N,"[""Salman Khan""]"
tt10105538,21,nm0006795,producer,producer,\N
tt10105546,22,nm0006795,producer,producer,\N
tt10105824,1,nm0451321,self,\N,"[""Self""]"
tt10106678,2,nm0451321,self,\N,"[""Self""]"
tt10106684,2,nm0451321,self,\N,"[""Self""]"
tt10106688,2,nm0451321,self,\N,"[""Self""]"
tt10141036,21,nm0006795,producer,producer,\N
tt10141038,21,nm0006795,producer,producer,\N
tt10141042,21,nm0006795,producer,producer,\N
tt10141048,20,nm0006795,producer,producer,\N
tt10175022,15,nm0451321,producer,producer,\N
tt10210410,20,nm0006795,producer,producer,\N
tt10210412,20,nm0006795,producer,producer,\N
tt10230422,15,nm0451321,producer,producer,\N
tt10235910,1,nm10645092,actor,\N,\N
tt10243326,15,nm0451321,producer,producer,\N
tt10249238,21,nm0006795,producer,producer,\N
tt10249288,20,nm0006795,producer,producer,\N
tt1024943,1,nm0451321,actor,\N,"[""Om Prakash Makhija""]"
tt1024943,2,nm0451321,actor,\N,"[""Om Kapoor""]"
tt1024943,18,nm0451321,producer,producer,\N
tt10249444,21,nm0006795,producer,producer,\N
tt10249460,20,nm0006795,producer,producer,\N
tt10249472,20,nm0006795,producer,producer,\N
tt10249482,19,nm0006795,producer,producer,\N
tt10271894,1,nm0451321,actor,\N,\N
tt10289938,5,nm0451321,actor,\N,"[""Narrator""]"
tt10349254,20,nm0006795,producer,producer,\N
tt10349258,21,nm0006795,producer,producer,\N
tt1037020,2,nm0451321,self,\N,"[""Self""]"
tt10390134,18,nm0006795,producer,producer,\N
tt10390874,20,nm0006795,producer,producer,\N
tt10432440,2,nm10645092,actor,\N,"[""Celebrity""]"
tt10443756,8,nm0006795,self,\N,"[""Self""]"
tt10443756,20,nm0006795,producer,producer,\N
tt10443768,10,nm0006795,self,\N,"[""Self""]"
tt10443768,22,nm0006795,producer,producer,\N
tt10467852,19,nm0006795,producer,producer,\N
tt10467890,19,nm0006795,producer,producer,\N
tt10474880,3,nm0006795,actor,\N,"[""Salman Khan""]"
tt10501328,20,nm0006795,producer,producer,\N
tt10501522,17,nm0006795,producer,producer,\N
tt10526288,16,nm0451321,producer,producer,\N
tt10526298,16,nm0451321,producer,producer,\N
tt10579658,21,nm0006795,producer,producer,\N
tt10579690,22,nm0006795,producer,producer,\N
tt10579786,24,nm0006795,producer,producer,\N
tt10623538,19,nm0006795,producer,producer,\N
tt10623546,19,nm0006795,producer,producer,\N
tt10624264,22,nm0006795,producer,producer,\N
tt10624296,21,nm0006795,producer,producer,\N
tt10645178,1,nm0451321,self,\N,"[""Self""]"
tt10681526,17,nm0006795,producer,producer,\N
tt10681592,18,nm0006795,producer,producer,\N
tt10708966,24,nm0006795,producer,producer,\N
tt10710096,23,nm0006795,producer,producer,\N
tt10748648,17,nm0006795,producer,producer,\N
tt1075218,2,nm0451321,self,\N,"[""Self - Guest""]"
tt10752246,20,nm0006795,producer,producer,\N
tt10769276,3,nm0451321,actor,\N,"[""Keval""]"
tt10801330,19,nm0006795,producer,producer,\N
tt10802792,18,nm0006795,producer,producer,\N
tt10821230,19,nm0006795,producer,producer,\N
tt10826998,18,nm0006795,producer,producer,\N
tt1084972,1,nm0006795,actor,\N,"[""Radhe""]"
tt1087856,11,nm0006795,actor,\N,"[""Khan""]"
tt10883044,18,nm0006795,producer,producer,\N
tt10883088,21,nm0006795,producer,producer,\N
tt10888594,1,nm0006795,actor,\N,"[""Radhe""]"
tt10895868,2,nm0006795,self,\N,"[""Self - Host""]"
tt10895870,9,nm0006795,self,\N,"[""Self - Host""]"
tt10895890,6,nm0006795,self,\N,"[""Self - Host""]"
tt10895894,6,nm0006795,self,\N,"[""Self - Host""]"
tt10896092,10,nm0006795,self,\N,"[""Self - Host""]"
tt10896106,3,nm0006795,self,\N,"[""Self - Host""]"
tt10905152,2,nm0006795,self,\N,"[""Self - Host""]"
tt10905162,5,nm0006795,self,\N,"[""Self - Host""]"
tt10905166,5,nm0006795,self,\N,"[""Self - Host""]"
tt10905248,3,nm0006795,self,\N,"[""Self - Host""]"
tt10905256,6,nm0006795,self,\N,"[""Self - Host""]"
tt10905334,3,nm0006795,self,\N,"[""Self - Host""]"
tt10905472,1,nm0006795,self,\N,"[""Self - Host""]"
tt10910120,21,nm0006795,producer,producer,\N
tt10912930,21,nm0006795,producer,producer,\N
tt10920814,4,nm0006795,self,\N,"[""Self - Host""]"
tt10920880,3,nm0006795,self,\N,"[""Self - Host""]"
tt10920882,8,nm0006795,self,\N,"[""Self - Host""]"
tt10920934,4,nm0006795,self,\N,"[""Self - Host""]"
tt10920954,2,nm0006795,self,\N,"[""Self - Host""]"
tt10920958,3,nm0006795,self,\N,"[""Self - Host""]"
tt10924146,5,nm0006795,self,\N,"[""Self - Host""]"
tt10924196,4,nm0006795,self,\N,"[""Self - Host""]"
tt10924250,5,nm0006795,self,\N,"[""Self - Host""]"
tt10924260,3,nm0006795,self,\N,"[""Self - Host""]"
tt10924284,2,nm0006795,self,\N,"[""Self - Host""]"
tt10933774,21,nm0006795,producer,producer,\N
tt10936832,19,nm0006795,producer,producer,\N
tt10937118,21,nm0006795,producer,producer,\N
tt10937124,21,nm0006795,producer,producer,\N
tt1094158,1,nm0451321,self,\N,"[""Self - Host""]"
tt10959010,2,nm17099001,actor,\N,"[""Cop""]"
tt10959024,2,nm17099001,actor,\N,"[""Cop""]"
tt10959026,2,nm17099001,actor,\N,"[""Cop""]"
tt10959028,2,nm17099001,actor,\N,"[""Cop""]"
tt10959038,2,nm17099001,actor,\N,"[""Cop""]"
tt11000506,18,nm0006795,producer,producer,\N
tt11000508,20,nm0006795,producer,producer,\N
tt11010054,1,nm0451321,self,\N,"[""Self""]"
tt11033946,1,nm0006795,self,\N,"[""Self - Host""]"
tt1105747,1,nm0006795,actor,\N,"[""Deven Y. Yuvvraaj Singh""]"
tt1114725,7,nm0006795,actor,\N,"[""Hav. Balkar Singh""]"
tt1114725,8,nm0006795,actor,\N,"[""Lt. Jaswinder 'Jassi' Singh""]"
tt1115312,8,nm0451321,self,\N,"[""Self - Guest""]"
tt11160788,17,nm0006795,producer,producer,\N
tt11160804,20,nm0006795,producer,producer,\N
tt11167264,18,nm0006795,producer,producer,\N
tt11181304,7,nm0006795,self,\N,"[""Self - Host""]"
tt11181368,7,nm0006795,self,\N,"[""Self - Host""]"
tt11183438,17,nm0006795,producer,producer,\N
tt11183448,20,nm0006795,producer,producer,\N
tt11183488,19,nm0006795,producer,producer,\N
tt11183492,19,nm0006795,producer,producer,\N
tt11183616,20,nm0006795,producer,producer,\N
tt11186498,6,nm0006795,self,\N,"[""Self - Host""]"
tt11194030,1,nm0451321,self,\N,"[""Self - Host""]"
tt11194048,1,nm0451321,self,\N,"[""Self - Host""]"
tt11199394,17,nm0006795,producer,producer,\N
tt11225042,1,nm0006795,self,\N,"[""Self - Host""]"
tt11230678,2,nm0006795,self,\N,"[""Self""]"
tt11230728,2,nm0451321,self,\N,"[""Self""]"
tt11230738,2,nm0006795,self,\N,"[""Self""]"
tt11231142,2,nm0006795,self,\N,"[""Self""]"
tt11231616,17,nm0006795,producer,producer,\N
tt11231706,20,nm0006795,producer,producer,\N
tt11269580,1,nm0006795,self,\N,"[""Self - Host""]"
tt11271532,19,nm0006795,producer,producer,\N
tt11271614,16,nm0006795,producer,producer,\N
tt11301628,1,nm0451321,self,\N,"[""Self - Host""]"
tt11301632,1,nm0451321,self,\N,"[""Self - Host""]"
tt11301634,1,nm0451321,self,\N,"[""Self - Host""]"
tt11301636,1,nm0451321,self,\N,"[""Self - Host""]"
tt11301638,1,nm0451321,self,\N,"[""Self - Host""]"
tt11301640,1,nm0451321,self,\N,"[""Self - Host""]"
tt11330094,1,nm0006795,self,\N,"[""Self - Host""]"
tt11330128,1,nm0006795,self,\N,"[""Self - Host""]"
tt11330150,9,nm0006795,self,\N,"[""Self - Host""]"
tt11330194,1,nm0006795,self,\N,"[""Self - Host""]"
tt11330208,1,nm0006795,self,\N,"[""Self - Host""]"
tt11330218,1,nm0006795,self,\N,"[""Self - Host""]"
tt11333304,1,nm0451321,self,\N,"[""Self - Host""]"
tt11346598,20,nm0006795,producer,producer,\N
tt11346834,20,nm0006795,producer,producer,\N
tt11347290,20,nm0006795,producer,producer,\N
tt11347444,16,nm0006795,producer,producer,\N
tt11363310,6,nm0006795,self,\N,"[""Self - Host""]"
tt11363322,1,nm0006795,self,\N,"[""Self - Host""]"
tt11363322,2,nm0451321,self,\N,"[""Self""]"
tt11363324,1,nm0006795,self,\N,"[""Self - Host""]"
tt11363324,2,nm0451321,self,\N,"[""Self""]"
tt11363344,6,nm0006795,self,\N,"[""Self - Host""]"
tt11363346,6,nm0006795,self,\N,"[""Self - Host""]"
tt11363588,18,nm0006795,producer,producer,\N
tt11369954,1,nm0006795,self,\N,"[""Self - Host""]"
tt11369960,1,nm0006795,self,\N,"[""Self - Host""]"
tt11370232,1,nm0006795,self,\N,"[""Self - Host""]"
tt11370462,1,nm0006795,self,\N,"[""Self - Host""]"
tt11371220,9,nm0006795,self,\N,"[""Self - Host""]"
tt11420998,18,nm0006795,producer,producer,\N
tt11421044,20,nm0006795,producer,producer,\N
tt11481152,7,nm0006795,self,\N,"[""Self - Host""]"
tt11481164,5,nm0006795,self,\N,"[""Self - Host""]"
tt11481174,3,nm0006795,self,\N,"[""Self - Host""]"
tt11481190,2,nm0006795,self,\N,"[""Self - Host""]"
tt11481202,6,nm0006795,self,\N,"[""Self - Host""]"
tt11481216,3,nm0006795,self,\N,"[""Self - Host""]"
tt11492682,8,nm0006795,self,\N,"[""Self""]"
tt11492682,20,nm0006795,producer,producer,\N
tt11492686,12,nm0006795,self,\N,"[""Self""]"
tt11492686,19,nm0006795,producer,producer,\N
tt11492690,16,nm0006795,producer,producer,\N
tt11492702,16,nm0006795,producer,producer,\N
tt11535838,10,nm0451321,actor,\N,"[""Narrator""]"
tt11535880,8,nm0451321,actor,\N,"[""Narrator""]"
tt11547892,17,nm0006795,producer,producer,\N
tt11571952,18,nm0006795,producer,producer,\N
tt11579102,20,nm0006795,producer,producer,\N
tt11579166,17,nm0006795,producer,producer,\N
tt11681314,17,nm0451321,producer,producer,\N
tt11686978,17,nm0006795,producer,producer,\N
tt11686982,19,nm0006795,producer,producer,\N
tt11686994,20,nm0006795,producer,producer,\N
tt11687016,20,nm0006795,producer,producer,\N
tt11687024,20,nm0006795,producer,producer,\N
tt11719228,20,nm0006795,producer,producer,\N
tt11719262,20,nm0006795,producer,producer,\N
tt1174041,1,nm0006795,actor,\N,"[""Samir Khanna""]"
tt11792060,5,nm0006795,archive_footage,\N,"[""Self""]"
tt11796256,5,nm0006795,self,\N,"[""Self - Host""]"
tt11796342,1,nm0006795,self,\N,"[""Self - Host""]"
tt11798836,4,nm0006795,self,\N,"[""Self - Host""]"
tt11798838,5,nm0006795,self,\N,"[""Self - Host""]"
tt11798854,4,nm0006795,self,\N,"[""Self - Host""]"
tt11798856,2,nm0006795,self,\N,"[""Self - Host""]"
tt11799476,2,nm0006795,self,\N,"[""Self - Host""]"
tt11799478,2,nm0006795,self,\N,"[""Self - Host""]"
tt1182884,6,nm0451321,actor,\N,"[""Pawan Raj Gandhi""]"
tt1182884,7,nm0451321,actor,\N,"[""PRG""]"
tt1182937,1,nm0451321,actor,\N,"[""Surinder 'Suri' Sahni""]"
tt1182937,2,nm0451321,actor,\N,"[""Raj Kapoor""]"
tt11853602,19,nm0006795,producer,producer,\N
tt11853606,19,nm0006795,producer,producer,\N
tt11853616,20,nm0006795,producer,producer,\N
tt1185412,1,nm0006795,actor,\N,"[""Veer Pratap Singh""]"
tt1185412,2,nm0006795,actor,\N,"[""Mahendra Pratap Singh""]"
tt1185412,15,nm0006795,writer,story,\N
tt11855522,21,nm0006795,producer,producer,\N
tt11855566,20,nm0006795,producer,producer,\N
tt11888012,18,nm0006795,producer,producer,\N
tt1188982,1,nm0006795,actor,\N,"[""Jai Agnihotri""]"
tt1188996,1,nm0451321,actor,\N,"[""Rizvan Khan""]"
tt11929134,20,nm0006795,producer,producer,\N
tt11929148,19,nm0006795,producer,producer,\N
tt11929250,1,nm0451321,self,\N,"[""Self - Host""]"
tt11935102,1,nm0451321,self,\N,"[""Self - Host""]"
tt11935740,20,nm0006795,producer,producer,\N
tt11941182,3,nm0451321,self,\N,"[""Self - Winner""]"
tt11941196,2,nm0451321,self,\N,"[""Self - Host""]"
tt11967006,1,nm0451321,self,\N,"[""Self - Host & Winner""]"
tt11973002,3,nm0451321,self,\N,"[""Self - Winner""]"
tt11974500,5,nm0451321,self,\N,"[""Self - Winner""]"
tt11975046,20,nm0006795,producer,producer,\N
tt11975048,20,nm0006795,producer,producer,\N
tt11981890,7,nm0451321,self,\N,"[""Self - Interviewee""]"
tt12008854,17,nm0006795,producer,producer,\N
tt12018980,19,nm0006795,producer,producer,\N
tt12256398,6,nm11588799,self,\N,"[""Self""]"
tt12264058,17,nm0451321,producer,producer,\N
tt12265004,17,nm0451321,producer,producer,\N
tt12265042,17,nm0451321,producer,producer,\N
tt12454622,17,nm6322549,producer,producer,\N
tt1249053,1,nm0451321,self,\N,"[""Self - Host""]"
tt12627704,1,nm0451321,self,\N,"[""Self""]"
tt1265433,1,nm0451321,self,\N,"[""Self - Host""]"
tt12695806,1,nm11732284,archive_footage,\N,"[""Featuring""]"
tt12719682,14,nm0006795,producer,producer,\N
tt12774720,2,nm0006795,self,\N,"[""Self""]"
tt12774722,2,nm0451321,self,\N,"[""Self""]"
tt12774724,2,nm0451321,self,\N,"[""Self""]"
tt12798778,1,nm0451321,self,\N,"[""Self - Host""]"
tt1281973,1,nm0006795,self,\N,"[""Self - Host""]"
tt1281973,2,nm0006795,self,\N,"[""Host""]"
tt1281973,3,nm0006795,self,\N,"[""Self""]"
tt12844910,1,nm0451321,actor,\N,"[""Pathaan""]"
tt1285241,1,nm0451321,actor,\N,"[""Don""]"
tt1285241,17,nm0451321,producer,producer,\N
tt12922452,13,nm0006795,producer,producer,\N
tt12922498,13,nm0006795,producer,producer,\N
tt12922544,16,nm0006795,producer,producer,\N
tt12922836,17,nm0006795,producer,producer,\N
tt12922896,14,nm0006795,producer,producer,\N
tt12939018,13,nm0006795,producer,producer,\N
tt12939024,17,nm0006795,producer,producer,\N
tt12999874,16,nm0006795,producer,producer,\N
tt12999972,17,nm0006795,producer,producer,\N
tt13040144,7,nm0451321,self,\N,"[""Self - KKR Owner""]"
tt13040220,6,nm0451321,self,\N,"[""Self - KKR Owner""]"
tt13045898,15,nm0006795,producer,producer,\N
tt13045916,17,nm0006795,producer,producer,\N
tt13054906,5,nm0451321,self,\N,"[""Self - KKR Owner""]"
tt13080756,13,nm0006795,producer,producer,\N
tt13081364,14,nm0006795,producer,producer,\N
tt13097686,1,nm0006795,actor,\N,\N
tt13124970,17,nm0006795,producer,producer,\N
tt13130308,4,nm0006795,actor,\N,"[""Masoom Bhai""]"
tt13138294,15,nm0006795,producer,producer,\N
tt13168608,18,nm0006795,producer,producer,\N
tt13168720,2,nm11930574,actor,\N,"[""Faisal""]"
tt13170566,17,nm0006795,producer,producer,\N
tt13183762,2,nm11930574,actor,\N,"[""Faisal""]"
tt13183918,2,nm11930574,actor,\N,"[""Faisal""]"
tt13184180,2,nm11930574,actor,\N,"[""Faisal""]"
tt13211914,1,nm0006795,self,\N,"[""Self - Host""]"
tt13224752,4,nm11967540,actor,\N,"[""Rajesh""]"
tt13228132,19,nm0006795,producer,producer,\N
tt13228332,16,nm0006795,producer,producer,\N
tt13255952,16,nm0006795,producer,producer,\N
tt13255962,18,nm0006795,producer,producer,\N
tt13304366,19,nm0006795,producer,producer,\N
tt13304378,16,nm0006795,producer,producer,\N
tt13316242,3,nm0451321,self,\N,"[""Self""]"
tt13340594,16,nm0006795,producer,producer,\N
tt13344420,17,nm0006795,producer,producer,\N
tt13346520,6,nm0006795,self,\N,"[""Self - Host""]"
tt13394560,18,nm0006795,producer,producer,\N
tt13394566,16,nm0006795,producer,producer,\N
tt13429652,19,nm0006795,producer,producer,\N
tt13429684,19,nm0006795,producer,producer,\N
tt13474028,19,nm0006795,producer,producer,\N
tt13474174,16,nm0006795,producer,producer,\N
tt13491110,1,nm0006795,actor,\N,"[""Rajveer Singh""]"
tt13510096,19,nm0006795,producer,producer,\N
tt13550526,16,nm0006795,producer,producer,\N
tt13550658,17,nm0006795,producer,producer,\N
tt13550698,1,nm12104009,director,\N,\N
tt13551618,2,nm0006795,actor,\N,"[""Hero""]"
tt13551618,6,nm12104009,director,\N,\N
tt13551618,7,nm12107034,director,\N,\N
tt13551618,8,nm12110086,director,\N,\N
tt13556794,17,nm0006795,producer,producer,\N
tt13597912,18,nm0006795,producer,producer,\N
tt13597936,14,nm0006795,producer,producer,\N
tt13634050,16,nm0006795,producer,producer,\N
tt13638534,18,nm0006795,producer,producer,\N
tt13644954,6,nm0451321,self,\N,"[""Self""]"
tt1365038,3,nm0451321,self,\N,"[""Self""]"
tt13678808,15,nm0006795,producer,producer,\N
tt13680676,17,nm0006795,producer,producer,\N
tt13714628,19,nm0006795,producer,producer,\N
tt13732344,19,nm0006795,producer,producer,\N
tt13758280,6,nm0451321,self,\N,"[""Self""]"
tt13766038,9,nm0451321,self,\N,"[""Self""]"
tt13766102,1,nm0451321,self,\N,"[""Self""]"
tt13782010,1,nm0006795,actor,\N,"[""Captain Jeet Sharma""]"
tt13785306,19,nm0006795,producer,producer,\N
tt13785362,20,nm0006795,producer,producer,\N
tt13787728,9,nm0006795,self,\N,"[""Self""]"
tt13787770,8,nm0006795,self,\N,"[""Self""]"
tt13818494,19,nm0006795,producer,producer,\N
tt13818496,17,nm0006795,producer,producer,\N
tt13855868,4,nm0006795,actor,\N,"[""Narrator""]"
tt13872650,20,nm0006795,producer,producer,\N
tt13872652,20,nm0006795,producer,producer,\N
tt13903082,20,nm0006795,producer,producer,\N
tt13915804,20,nm0006795,producer,producer,\N
tt13954876,20,nm0006795,producer,producer,\N
tt1400340,10,nm0006795,self,\N,"[""Self""]"
tt14102996,9,nm0006795,self,\N,"[""Self - Host""]"
tt14103034,6,nm0006795,self,\N,"[""Self - Host""]"
tt14103044,6,nm0006795,self,\N,"[""Self - Host""]"
tt1410498,10,nm0006795,self,\N,"[""Self""]"
tt14180554,2,nm0451321,self,\N,"[""Self - Guest""]"
tt14256102,5,nm12496236,self,\N,"[""Self""]"
tt14256126,5,nm12496236,self,\N,"[""Self""]"
tt14260632,5,nm12496236,self,\N,"[""Self""]"
tt14296646,9,nm0006795,self,\N,"[""Self""]"
tt1442411,1,nm0006795,self,\N,"[""Self - Host (2008-)""]"
tt14579888,2,nm0451321,actor,\N,\N
tt14624782,1,nm0006795,self,\N,"[""Self - Host""]"
tt14625344,7,nm0006795,self,\N,"[""Self - Host""]"
tt14629476,3,nm0006795,self,\N,"[""Self - Host""]"
tt14629492,6,nm0006795,self,\N,"[""Self - Host""]"
tt14630858,4,nm0006795,self,\N,"[""Self - Host""]"
tt14635610,3,nm0006795,self,\N,"[""Self - Host""]"
tt14635624,4,nm0006795,self,\N,"[""Self - Host""]"
tt14637098,7,nm0006795,self,\N,"[""Self - Host""]"
tt14637168,4,nm0006795,self,\N,"[""Self - Host""]"
tt14641314,5,nm0006795,self,\N,"[""Self - Host""]"
tt14641712,3,nm0006795,self,\N,"[""Self - Host""]"
tt14641734,4,nm0006795,self,\N,"[""Self - Host""]"
tt14651364,6,nm0006795,self,\N,"[""Self - Host""]"
tt14654830,1,nm0451321,self,\N,"[""Self - Host""]"
tt14690274,1,nm0006795,self,\N,"[""Self - Host""]"
tt14690876,5,nm0006795,self,\N,"[""Self - Host""]"
tt14728262,3,nm0006795,self,\N,"[""Self - Host""]"
tt14728296,1,nm0006795,self,\N,"[""Self - Host""]"
tt14743162,3,nm0006795,self,\N,"[""Self - Host""]"
tt14743176,2,nm0006795,self,\N,"[""Self - Host""]"
tt14743338,1,nm0006795,self,\N,"[""Self - Host""]"
tt14747948,7,nm0006795,self,\N,"[""Self - Host""]"
tt14747954,6,nm0006795,self,\N,"[""Self - Host""]"
tt14748054,5,nm0006795,self,\N,"[""Self - Host""]"
tt14748056,5,nm0006795,self,\N,"[""Self - Host""]"
tt14748076,5,nm0006795,self,\N,"[""Self - Host""]"
tt14748162,2,nm0006795,self,\N,"[""Self - Host""]"
tt14748164,2,nm0006795,self,\N,"[""Self - Host""]"
tt14748180,5,nm0006795,self,\N,"[""Self - Host""]"
tt14748182,5,nm0006795,self,\N,"[""Self - Host""]"
tt14748238,5,nm0006795,self,\N,"[""Self - Host""]"
tt14748244,4,nm0006795,self,\N,"[""Self - Host""]"
tt14748290,6,nm0006795,self,\N,"[""Self - Host""]"
tt1475415,9,nm0451321,self,\N,"[""Self""]"
tt14772650,4,nm0006795,self,\N,"[""Self - Host""]"
tt14772668,5,nm0006795,self,\N,"[""Self - Host""]"
tt14772678,4,nm0006795,self,\N,"[""Self - Host""]"
tt14772680,4,nm0006795,self,\N,"[""Self - Host""]"
tt14772700,5,nm0006795,self,\N,"[""Self - Host""]"
tt14866598,3,nm0006795,self,\N,"[""Self""]"
tt14872236,4,nm0006795,self,\N,"[""Self - Host""]"
tt14872250,3,nm0006795,self,\N,"[""Self - Host""]"
tt14872258,4,nm0006795,self,\N,"[""Self - Host""]"
tt14872274,3,nm0006795,self,\N,"[""Self - Host""]"
tt14872278,4,nm0006795,self,\N,"[""Self - Host""]"
tt14873282,3,nm0006795,self,\N,"[""Self - Host""]"
tt14873282,4,nm0451321,self,\N,"[""Self""]"
tt14873286,2,nm0006795,self,\N,"[""Self - Host""]"
tt14873286,3,nm0451321,self,\N,"[""Self""]"
tt14880952,4,nm0006795,self,\N,"[""Self - Host""]"
tt14880986,1,nm0006795,self,\N,"[""Self - Host""]"
tt14880986,2,nm0451321,self,\N,"[""Self""]"
tt14880990,1,nm0006795,self,\N,"[""Self - Host""]"
tt14880990,2,nm0451321,self,\N,"[""Self""]"
tt14893850,9,nm0006795,archive_footage,\N,"[""Self""]"
tt14922718,2,nm0006795,self,\N,"[""Self - Host""]"
tt15023430,6,nm12747762,editor,\N,\N
tt15113726,3,nm0006795,self,\N,"[""Self""]"
tt15114516,4,nm11810064,actor,\N,\N
tt15145798,1,nm0006795,self,\N,"[""Self - Host""]"
tt15163318,1,nm0006795,archive_footage,\N,\N
tt15198426,18,nm0006795,producer,producer,\N
tt15282146,18,nm0006795,producer,producer,\N
tt15327276,14,nm0006795,producer,producer,\N
tt15327278,19,nm0006795,producer,producer,\N
tt15354916,1,nm0451321,actor,\N,"[""Vikram Rathore""]"
tt15354916,2,nm0451321,actor,\N,"[""Azad""]"
tt15378000,18,nm0006795,producer,producer,\N
tt15378002,16,nm0006795,producer,producer,\N
tt15540858,6,nm0006795,self,\N,"[""Self - Host""]"
tt15548000,7,nm12995499,actor,\N,\N
tt1562871,1,nm0451321,actor,\N,"[""Shekhar Subramanium""]"
tt1562871,2,nm0451321,actor,\N,"[""G.One""]"
tt1562871,16,nm0451321,writer,screenplay,\N
tt15629028,2,nm0006795,self,\N,"[""Self - Host""]"
tt15629348,1,nm0006795,self,\N,"[""Self - Host""]"
tt15669496,2,nm0006795,self,\N,"[""Self""]"
tt15671698,17,nm0006795,producer,producer,\N
tt15706948,18,nm0006795,producer,producer,\N
tt15706954,19,nm0006795,producer,producer,\N
tt15739028,2,nm0006795,actor,\N,"[""Narrator""]"
tt15739032,2,nm0006795,actor,\N,"[""Narrator""]"
tt15739036,2,nm0006795,actor,\N,"[""Narrator""]"
tt15739042,2,nm0006795,actor,\N,"[""Narrator""]"
tt15761494,17,nm0006795,producer,producer,\N
tt15761560,19,nm0006795,producer,producer,\N
tt15763680,2,nm0006795,self,\N,"[""Self - Host""]"
tt15808180,16,nm0006795,producer,producer,\N
tt15845286,19,nm0006795,producer,producer,\N
tt15869330,17,nm0006795,producer,producer,\N
tt15869378,16,nm0006795,producer,producer,\N
tt15944438,1,nm0006795,actor,\N,\N
tt15944438,5,nm0006795,producer,producer,\N
tt1596635,7,nm0451321,self,\N,"[""Self""]"
tt16043738,2,nm0451321,self,\N,"[""Self""]"
tt16091712,18,nm0006795,producer,producer,\N
tt16091714,19,nm0006795,producer,producer,\N
tt16194442,16,nm0006795,producer,producer,\N
tt16194458,6,nm0006795,self,\N,"[""Self""]"
tt16194458,18,nm0006795,producer,producer,\N
tt1620719,1,nm0006795,actor,\N,"[""Inspector Chulbul Pandey""]"
tt16211558,1,nm0451321,actor,\N,\N
tt16266568,16,nm0006795,producer,producer,\N
tt16266570,16,nm0006795,producer,producer,\N
tt16317704,2,nm0006795,actor,\N,"[""Narrator""]"
tt16317706,2,nm0006795,actor,\N,"[""Narrator""]"
tt16317710,2,nm0006795,actor,\N,"[""Narrator""]"
tt16317712,2,nm0006795,actor,\N,"[""Narrator""]"
tt16317714,2,nm0006795,actor,\N,"[""Narrator""]"
tt16317716,2,nm0006795,actor,\N,"[""Narrator""]"
tt16317718,2,nm0006795,actor,\N,"[""Narrator""]"
tt16317720,2,nm0006795,actor,\N,"[""Narrator""]"
tt16317722,2,nm0006795,actor,\N,"[""Narrator""]"
tt16317726,2,nm0006795,actor,\N,"[""Narrator""]"
tt16317728,2,nm0006795,actor,\N,"[""Narrator""]"
tt16317730,2,nm0006795,actor,\N,"[""Narrator""]"
tt16317732,2,nm0006795,actor,\N,"[""Narrator""]"
tt16317734,2,nm0006795,actor,\N,"[""Narrator""]"
tt16317736,2,nm0006795,actor,\N,"[""Narrator""]"
tt16317738,2,nm0006795,actor,\N,"[""Narrator""]"
tt16317740,2,nm0006795,actor,\N,"[""Narrator""]"
tt16317742,2,nm0006795,actor,\N,"[""Narrator""]"
tt16317744,2,nm0006795,actor,\N,"[""Narrator""]"
tt16317746,2,nm0006795,actor,\N,"[""Narrator""]"
tt16317750,2,nm0006795,actor,\N,"[""Narrator""]"
tt16317752,2,nm0006795,actor,\N,"[""Narrator""]"
tt16317756,2,nm0006795,actor,\N,"[""Narrator""]"
tt16317758,2,nm0006795,actor,\N,"[""Narrator""]"
tt16317760,2,nm0006795,actor,\N,"[""Narrator""]"
tt16317762,2,nm0006795,actor,\N,"[""Narrator""]"
tt16317764,2,nm0006795,actor,\N,"[""Narrator""]"
tt16317766,2,nm0006795,actor,\N,"[""Narrator""]"
tt16317770,2,nm0006795,actor,\N,"[""Narrator""]"
tt16317772,2,nm0006795,actor,\N,"[""Narrator""]"
tt16317774,2,nm0006795,actor,\N,"[""Narrator""]"
tt16317776,2,nm0006795,actor,\N,"[""Narrator""]"
tt16317780,2,nm0006795,actor,\N,"[""Narrator""]"
tt16317782,2,nm0006795,actor,\N,"[""Narrator""]"
tt16317784,2,nm0006795,actor,\N,"[""Narrator""]"
tt16317786,2,nm0006795,actor,\N,"[""Narrator""]"
tt16317788,2,nm0006795,actor,\N,"[""Narrator""]"
tt16317790,2,nm0006795,actor,\N,"[""Narrator""]"
tt16317792,2,nm0006795,actor,\N,"[""Narrator""]"
tt16317794,2,nm0006795,actor,\N,"[""Narrator""]"
tt16317796,2,nm0006795,actor,\N,"[""Narrator""]"
tt16317798,2,nm0006795,actor,\N,"[""Narrator""]"
tt16317800,2,nm0006795,actor,\N,"[""Narrator""]"
tt16317802,2,nm0006795,actor,\N,"[""Narrator""]"
tt16317804,2,nm0006795,actor,\N,"[""Narrator""]"
tt16317806,4,nm0006795,actor,\N,"[""Narrator""]"
tt16319044,2,nm0006795,actor,\N,"[""Narrator""]"
tt16319046,2,nm0006795,actor,\N,"[""Narrator""]"
tt16319050,2,nm0006795,actor,\N,"[""Narrator""]"
tt16319054,2,nm0006795,actor,\N,"[""Narrator""]"
tt16319056,2,nm0006795,actor,\N,"[""Narrator""]"
tt16319058,2,nm0006795,actor,\N,"[""Narrator""]"
tt16319062,2,nm0006795,actor,\N,"[""Narrator""]"
tt16319064,2,nm0006795,actor,\N,"[""Narrator""]"
tt16319072,2,nm0006795,actor,\N,"[""Narrator""]"
tt16319074,2,nm0006795,actor,\N,"[""Narrator""]"
tt16319076,2,nm0006795,actor,\N,"[""Narrator""]"
tt16319080,2,nm0006795,actor,\N,"[""Narrator""]"
tt16319084,2,nm0006795,actor,\N,"[""Narrator""]"
tt16319086,2,nm0006795,actor,\N,"[""Narrator""]"
tt16319092,2,nm0006795,actor,\N,"[""Narrator""]"
tt16319098,2,nm0006795,actor,\N,"[""Narrator""]"
tt16319100,2,nm0006795,actor,\N,"[""Narrator""]"
tt16319102,2,nm0006795,actor,\N,"[""Narrator""]"
tt16319104,2,nm0006795,actor,\N,"[""Narrator""]"
tt16319106,2,nm0006795,actor,\N,"[""Narrator""]"
tt16319108,2,nm0006795,actor,\N,"[""Narrator""]"
tt16319110,2,nm0006795,actor,\N,"[""Narrator""]"
tt16319116,2,nm0006795,actor,\N,"[""Narrator""]"
tt16319118,2,nm0006795,actor,\N,"[""Narrator""]"
tt16319120,2,nm0006795,actor,\N,"[""Narrator""]"
tt16319122,2,nm0006795,actor,\N,"[""Narrator""]"
tt16319124,2,nm0006795,actor,\N,"[""Narrator""]"
tt16319126,3,nm0006795,actor,\N,"[""Narrator""]"
tt16319128,2,nm0006795,actor,\N,"[""Narrator""]"
tt16319130,2,nm0006795,actor,\N,"[""Narrator""]"
tt16319132,2,nm0006795,actor,\N,"[""Narrator""]"
tt16319134,4,nm0006795,actor,\N,"[""Narrator""]"
tt16319136,2,nm0006795,actor,\N,"[""Narrator""]"
tt16319138,2,nm0006795,actor,\N,"[""Narrator""]"
tt16319140,2,nm0006795,actor,\N,"[""Narrator""]"
tt16319142,2,nm0006795,actor,\N,"[""Narrator""]"
tt16319144,2,nm0006795,actor,\N,"[""Narrator""]"
tt16319146,2,nm0006795,actor,\N,"[""Narrator""]"
tt16343434,2,nm0006795,actor,\N,"[""Narrator""]"
tt16343438,2,nm0006795,actor,\N,"[""Narrator""]"
tt16343440,2,nm0006795,actor,\N,"[""Narrator""]"
tt16343442,2,nm0006795,actor,\N,"[""Narrator""]"
tt16343444,2,nm0006795,actor,\N,"[""Narrator""]"
tt16343446,2,nm0006795,actor,\N,"[""Narrator""]"
tt16343448,2,nm0006795,actor,\N,"[""Narrator""]"
tt16343450,2,nm0006795,actor,\N,"[""Narrator""]"
tt16343452,3,nm0006795,actor,\N,"[""Narrator""]"
tt16343454,2,nm0006795,actor,\N,"[""Narrator""]"
tt16343456,2,nm0006795,actor,\N,"[""Narrator""]"
tt16343460,2,nm0006795,actor,\N,"[""Narrator""]"
tt16343462,2,nm0006795,actor,\N,"[""Narrator""]"
tt16343464,2,nm0006795,actor,\N,"[""Narrator""]"
tt16343466,2,nm0006795,actor,\N,"[""Narrator""]"
tt16343468,2,nm0006795,actor,\N,"[""Narrator""]"
tt16343470,2,nm0006795,actor,\N,"[""Narrator""]"
tt16343472,2,nm0006795,actor,\N,"[""Narrator""]"
tt16343474,2,nm0006795,actor,\N,"[""Narrator""]"
tt16343476,2,nm0006795,actor,\N,"[""Narrator""]"
tt16343478,2,nm0006795,actor,\N,"[""Narrator""]"
tt16343480,2,nm0006795,actor,\N,"[""Narrator""]"
tt16343482,2,nm0006795,actor,\N,"[""Narrator""]"
tt16343486,2,nm0006795,actor,\N,"[""Narrator""]"
tt16343488,2,nm0006795,actor,\N,"[""Narrator""]"
tt16343490,2,nm0006795,actor,\N,"[""Narrator""]"
tt16343492,2,nm0006795,actor,\N,"[""Narrator""]"
tt16343494,2,nm0006795,actor,\N,"[""Narrator""]"
tt16343496,2,nm0006795,actor,\N,"[""Narrator""]"
tt16343498,2,nm0006795,actor,\N,"[""Narrator""]"
tt16343502,2,nm0006795,actor,\N,"[""Narrator""]"
tt16343504,2,nm0006795,actor,\N,"[""Narrator""]"
tt16343506,2,nm0006795,actor,\N,"[""Narrator""]"
tt16343508,2,nm0006795,actor,\N,"[""Narrator""]"
tt16343516,2,nm0006795,actor,\N,"[""Narrator""]"
tt16343518,2,nm0006795,actor,\N,"[""Narrator""]"
tt16343520,2,nm0006795,actor,\N,"[""Narrator""]"
tt16343524,2,nm0006795,actor,\N,"[""Narrator""]"
tt16343526,2,nm0006795,actor,\N,"[""Narrator""]"
tt1634529,1,nm0451321,self,\N,"[""Self - Host""]"
tt16377116,2,nm0006795,self,\N,"[""Self - Host""]"
tt16410530,16,nm0006795,producer,producer,\N
tt16410534,19,nm0006795,producer,producer,\N
tt16410538,19,nm0006795,producer,producer,\N
tt16410550,17,nm0006795,producer,producer,\N
tt16428414,3,nm0006795,self,\N,"[""Self - Host""]"
tt16444402,18,nm0006795,producer,producer,\N
tt16444404,19,nm0006795,producer,producer,\N
tt1646331,8,nm0006795,actor,\N,"[""Salman Khan""]"
tt16612480,2,nm0006795,self,\N,"[""Self - Host""]"
tt16612534,1,nm0006795,self,\N,"[""Self - Host""]"
tt16673636,17,nm0006795,producer,producer,\N
tt16673638,19,nm0006795,producer,producer,\N
tt1674385,8,nm0006795,self,\N,"[""Self""]"
tt16897306,16,nm0006795,producer,producer,\N
tt16897322,17,nm0006795,producer,producer,\N
tt16915434,3,nm0451321,self,\N,"[""Self - Host""]"
tt16915438,7,nm0451321,self,\N,"[""Self - Performer""]"
tt16915456,6,nm0006795,self,\N,"[""Self - Performer""]"
tt16915456,7,nm0451321,self,\N,"[""Self""]"
tt16975548,1,nm0006795,self,\N,"[""Self - Host""]"
tt17066284,20,nm0006795,producer,producer,\N
tt17066286,18,nm0006795,producer,producer,\N
tt17066288,17,nm0006795,producer,producer,\N
tt1708532,1,nm0006795,actor,\N,"[""Prem R. Kapoor""]"
tt1729637,1,nm0006795,actor,\N,"[""Lovely B. Singh""]"
tt17323888,17,nm0006795,producer,producer,\N
tt17323890,17,nm0006795,producer,producer,\N
tt17323892,19,nm0006795,producer,producer,\N
tt17323894,19,nm0006795,producer,producer,\N
tt1737296,1,nm0006795,self,\N,"[""Self - Host""]"
tt17515566,1,nm0006795,self,\N,"[""Self - Host""]"
tt1773042,9,nm0451321,self,\N,"[""Self""]"
tt18036266,19,nm0006795,producer,producer,\N
tt18038548,19,nm0006795,producer,producer,\N
tt18232620,18,nm0006795,producer,producer,\N
tt18232632,19,nm0006795,producer,producer,\N
tt18280216,9,nm0451321,archive_footage,\N,"[""Self""]"
tt18285436,18,nm0006795,producer,producer,\N
tt18285438,19,nm0006795,producer,producer,\N
tt18340848,19,nm0006795,producer,producer,\N
tt18340872,17,nm0006795,producer,producer,\N
tt18411490,1,nm0006795,actor,\N,"[""Tiger (Avinash Rathod)""]"
tt1841542,20,nm0006795,producer,producer,\N
tt18553272,16,nm0006795,producer,producer,\N
tt18553292,19,nm0006795,producer,producer,\N
tt18766766,1,nm0006795,actor,\N,"[""Salman khan""]"
tt18922168,17,nm0006795,producer,producer,\N
tt18922172,18,nm0006795,producer,producer,\N
tt18938504,17,nm0006795,producer,producer,\N
tt18938510,17,nm0006795,producer,producer,\N
tt19249340,15,nm0006795,producer,producer,\N
tt19249342,16,nm0006795,producer,producer,\N
tt19488542,7,nm0006795,producer,producer,\N
tt19488552,7,nm0006795,producer,producer,\N
tt19488574,18,nm0006795,producer,producer,\N
tt19488588,7,nm0006795,producer,producer,\N
tt1955477,8,nm0451321,archive_footage,\N,"[""Self""]"
tt19720580,15,nm0006795,producer,producer,\N
tt19812988,18,nm0006795,producer,producer,\N
tt19816486,18,nm0006795,producer,producer,\N
tt1986040,5,nm0006795,actor,\N,"[""Salman Khan""]"
tt19896618,16,nm0006795,producer,producer,\N
tt19896620,18,nm0006795,producer,producer,\N
tt20158774,18,nm0006795,producer,producer,\N
tt20158792,14,nm0006795,producer,producer,\N
tt2016894,1,nm0006795,actor,\N,"[""Tiger""]"
tt20251434,18,nm0006795,producer,producer,\N
tt20251436,18,nm0006795,producer,producer,\N
tt20448270,16,nm0006795,producer,producer,\N
tt20448272,16,nm0006795,producer,producer,\N
tt2078858,1,nm0006795,self,\N,"[""Self - Host""]"
tt20860984,17,nm0006795,producer,producer,\N
tt20860986,15,nm0006795,producer,producer,\N
tt20860988,12,nm0006795,producer,producer,\N
tt2112124,2,nm0451321,actor,\N,"[""Rahul Mithaiwala""]"
tt2112131,1,nm0006795,actor,\N,"[""Chulbul Pandey""]"
tt21211732,1,nm0006795,self,\N,"[""Self - Host""]"
tt21445214,2,nm0006795,actor,\N,"[""Tiger""]"
tt2164240,5,nm0451321,self,\N,"[""Self - KKR Owner""]"
tt2171548,3,nm0451321,self,\N,"[""Self - Best Actor""]"
tt2176013,1,nm0451321,actor,\N,"[""Samar Anand""]"
tt21944452,17,nm0006795,producer,producer,\N
tt22071974,17,nm0006795,producer,producer,\N
tt22094022,17,nm0006795,producer,producer,\N
tt22094100,1,nm0006795,self,\N,"[""Self - Host""]"
tt22259124,17,nm0006795,producer,producer,\N
tt22260838,2,nm0006795,actor,\N,"[""Narrator""]"
tt22260840,2,nm0006795,actor,\N,"[""Narrator""]"
tt22260842,2,nm0006795,actor,\N,"[""Narrator""]"
tt22260846,2,nm0006795,actor,\N,"[""Narrator""]"
tt22260848,2,nm0006795,actor,\N,"[""Narrator""]"
tt22260854,2,nm0006795,actor,\N,"[""Narrator""]"
tt22260858,2,nm0006795,actor,\N,"[""Narrator""]"
tt22260862,2,nm0006795,actor,\N,"[""Narrator""]"
tt22260866,2,nm0006795,actor,\N,"[""Narrator""]"
tt22260868,2,nm0006795,actor,\N,"[""Narrator""]"
tt22260870,2,nm0006795,actor,\N,"[""Narrator""]"
tt22260872,2,nm0006795,actor,\N,"[""Narrator""]"
tt22260874,2,nm0006795,actor,\N,"[""Narrator""]"
tt22260876,2,nm0006795,actor,\N,"[""Narrator""]"
tt22260878,2,nm0006795,actor,\N,"[""Narrator""]"
tt22260880,2,nm0006795,actor,\N,"[""Narrator""]"
tt22260882,2,nm0006795,actor,\N,"[""Narrator""]"
tt22260884,2,nm0006795,actor,\N,"[""Narrator""]"
tt22260886,2,nm0006795,actor,\N,"[""Narrator""]"
tt22260890,2,nm0006795,actor,\N,"[""Narrator""]"
tt22260892,2,nm0006795,actor,\N,"[""Narrator""]"
tt22260894,2,nm0006795,actor,\N,"[""Narrator""]"
tt22260896,2,nm0006795,actor,\N,"[""Narrator""]"
tt22260898,2,nm0006795,actor,\N,"[""Narrator""]"
tt22260900,2,nm0006795,actor,\N,"[""Narrator""]"
tt22260902,2,nm0006795,actor,\N,"[""Narrator""]"
tt22260904,2,nm0006795,actor,\N,"[""Narrator""]"
tt22260906,2,nm0006795,actor,\N,"[""Narrator""]"
tt22299042,2,nm14080745,actor,\N,\N
tt22459680,17,nm0006795,producer,producer,\N
tt22459684,17,nm0006795,producer,producer,\N
tt22459686,17,nm0006795,producer,producer,\N
tt22491406,17,nm0006795,producer,producer,\N
tt22491410,20,nm0006795,producer,producer,\N
tt22491414,20,nm0006795,producer,producer,\N
tt22497600,1,nm0006795,self,\N,"[""Self - Host""]"
tt22497602,1,nm0006795,self,\N,"[""Self - Host""]"
tt22755742,1,nm0006795,self,\N,"[""Self - Host""]"
tt22796920,2,nm14144039,actor,\N,"[""Munna""]"
tt22801100,17,nm0006795,producer,producer,\N
tt22801102,17,nm0006795,producer,producer,\N
tt22869610,1,nm0006795,self,\N,"[""Self - Host""]"
tt22983548,17,nm0006795,producer,producer,\N
tt22983562,17,nm0006795,producer,producer,\N
tt2304231,4,nm0451321,actor,\N,"[""(1989)""]"
tt23119094,1,nm0006795,self,\N,"[""Self - Host""]"
tt23119100,1,nm0006795,self,\N,"[""Self - Host""]"
tt23119114,1,nm0006795,self,\N,"[""Self - Host""]"
tt23119118,1,nm0006795,self,\N,"[""Self - Host""]"
tt23129194,1,nm0006795,self,\N,"[""Self - Host""]"
tt23129198,1,nm0006795,self,\N,"[""Self - Host""]"
tt23135026,16,nm0006795,producer,producer,\N
tt23135030,17,nm0006795,producer,producer,\N
tt23396834,17,nm0006795,producer,producer,\N
tt23396836,17,nm0006795,producer,producer,\N
tt2342797,10,nm0006795,self,\N,"[""Self - Opening Ceremony Performer""]"
tt2354223,3,nm4996197,actor,\N,"[""Salman""]"
tt2360717,7,nm0006795,self,\N,"[""Self""]"
tt23639338,11,nm14253248,self,\N,"[""Self""]"
tt23639338,17,nm0006795,producer,producer,\N
tt23639340,17,nm0006795,producer,producer,\N
tt23647534,8,nm0006795,self,\N,"[""Self - Host""]"
tt2372222,1,nm0006795,actor,\N,"[""Devi Lal Singh""]"
tt2372222,2,nm0006795,actor,\N,"[""Devil""]"
tt23736660,17,nm0006795,producer,producer,\N
tt23736666,16,nm0006795,producer,producer,\N
tt23801282,1,nm0006795,self,\N,"[""Self - Host""]"
tt23801284,1,nm0006795,self,\N,"[""Self - Host""]"
tt23806772,16,nm0006795,producer,producer,\N
tt23806774,17,nm0006795,producer,producer,\N
tt23836544,8,nm0006795,self,\N,"[""Self - Host""]"
tt2391469,5,nm0451321,self,\N,"[""Self - KKR Owner""]"
tt24000642,17,nm0006795,producer,producer,\N
tt24000668,17,nm0006795,producer,producer,\N
tt24139454,17,nm0006795,producer,producer,\N
tt24139478,17,nm0006795,producer,producer,\N
tt2461132,1,nm0451321,actor,\N,"[""Chandramohan 'Charlie' Sharma""]"
tt24670172,17,nm0006795,producer,producer,\N
tt24670174,17,nm0006795,producer,producer,\N
tt24882896,17,nm0006795,producer,producer,\N
tt24882900,17,nm0006795,producer,producer,\N
tt25009260,9,nm0006795,self,\N,"[""Self - Host""]"
tt25009270,9,nm0006795,self,\N,"[""Self - Host""]"
tt25013138,17,nm0006795,producer,producer,\N
tt25013140,17,nm0006795,producer,producer,\N
tt25013142,17,nm0006795,producer,producer,\N
tt25013144,17,nm0006795,producer,producer,\N
tt25013146,17,nm0006795,producer,producer,\N
tt25013148,17,nm0006795,producer,producer,\N
tt25013150,17,nm0006795,producer,producer,\N
tt25013154,17,nm0006795,producer,producer,\N
tt25013156,17,nm0006795,producer,producer,\N
tt25013158,14,nm0006795,producer,producer,\N
tt25013160,17,nm0006795,producer,producer,\N
tt25013162,17,nm0006795,producer,producer,\N
tt25013168,14,nm0006795,producer,producer,\N
tt25013170,17,nm0006795,producer,producer,\N
tt25013172,17,nm0006795,producer,producer,\N
tt25013176,15,nm0006795,producer,producer,\N
tt25013178,17,nm0006795,producer,producer,\N
tt25013180,17,nm0006795,producer,producer,\N
tt25013184,17,nm0006795,producer,producer,\N
tt25013186,15,nm0006795,producer,producer,\N
tt25013190,16,nm0006795,producer,producer,\N
tt25013192,16,nm0006795,producer,producer,\N
tt25013194,16,nm0006795,producer,producer,\N
tt25013196,14,nm0006795,producer,producer,\N
tt2521898,3,nm0451321,self,\N,"[""Self""]"
tt25276038,8,nm0006795,self,\N,"[""Self - Host""]"
tt25394742,1,nm0006795,self,\N,"[""Self - Host""]"
tt2542656,2,nm0451321,self,\N,"[""Self""]"
tt2557484,4,nm0451321,actor,\N,"[""(1988)""]"
tt2557496,3,nm0451321,actor,\N,"[""Keval""]"
tt2557512,1,nm0451321,self,\N,"[""Self (1989)""]"
tt25733722,8,nm0006795,self,\N,"[""Self - Host""]"
tt25809386,8,nm0006795,self,\N,"[""Self - Host""]"
tt25815304,2,nm0006795,actor,\N,\N
tt2608510,10,nm0006795,actor,\N,"[""Salman Khan""]"
tt26230104,8,nm0006795,self,\N,"[""Self - Host""]"
tt26278263,1,nm0006795,self,\N,"[""Self - Host""]"
tt26427571,7,nm0006795,self,\N,"[""Self - Host""]"
tt26427572,1,nm0006795,self,\N,"[""Self - Host""]"
tt26442512,2,nm0451321,self,\N,"[""Self""]"
tt26542635,3,nm0451321,self,\N,"[""Self""]"
tt26542635,7,nm0006795,self,\N,"[""Self""]"
tt26594478,1,nm0006795,self,\N,"[""Self - Host""]"
tt26594479,1,nm0006795,self,\N,"[""Self - Host""]"
tt26659830,1,nm0451321,actor,\N,\N
tt2666070,4,nm0006795,actor,\N,"[""Chulbul Pandey""]"
tt2666082,4,nm0006795,actor,\N,"[""Chulbul Pandey""]"
tt26679473,2,nm0006795,self,\N,"[""Self - Host""]"
tt26694669,2,nm14558621,actor,\N,"[""Don""]"
tt26750533,8,nm0451321,self,\N,"[""Self - KKR Owner""]"
tt26765615,3,nm12496236,self,\N,"[""Self""]"
tt26765627,5,nm12496236,self,\N,"[""Self""]"
tt26900557,5,nm12496236,self,\N,"[""Self""]"
tt27047678,10,nm14916706,self,\N,"[""Self - Builder""]"
tt27124947,1,nm0006795,actor,\N,\N
tt27139868,1,nm0451321,actor,\N,\N
tt27139868,2,nm0006795,actor,\N,\N
tt27263203,1,nm0006795,actor,\N,\N
tt27370004,1,nm0451321,actor,\N,"[""Pathaan""]"
tt27370004,2,nm0006795,actor,\N,"[""Tiger""]"
tt27417999,1,nm0006795,archive_footage,\N,\N
tt27474234,17,nm0006795,producer,producer,\N
tt27474801,17,nm0006795,producer,producer,\N
tt27611003,13,nm0006795,producer,producer,\N
tt27611004,11,nm0006795,self,\N,"[""Self""]"
tt27611004,17,nm0006795,producer,producer,\N
tt27611005,17,nm0006795,producer,producer,\N
tt27611006,15,nm0006795,producer,producer,\N
tt27626804,1,nm0006795,self,\N,"[""Self - Host""]"
tt27647804,17,nm0006795,producer,producer,\N
tt27647805,17,nm0006795,producer,producer,\N
tt27656011,4,nm0451321,self,\N,"[""Self""]"
tt27656011,5,nm0451321,producer,producer,\N
tt27694196,17,nm0006795,producer,producer,\N
tt27706318,17,nm0006795,producer,producer,\N
tt27751942,17,nm0006795,producer,producer,\N
tt27752706,4,nm12496236,self,\N,"[""Self""]"
tt27757805,1,nm0006795,actor,\N,"[""Agent Bhaijaan""]"
tt27759459,15,nm0006795,producer,producer,\N
tt27862630,17,nm0006795,producer,producer,\N
tt27862631,17,nm0006795,producer,producer,\N
tt27866877,1,nm0006795,self,\N,"[""Self - Host""]"
tt27876144,17,nm0006795,producer,producer,\N
tt27876145,14,nm0006795,producer,producer,\N
tt27898560,5,nm0006795,archive_footage,\N,\N
tt27936729,14,nm0006795,producer,producer,\N
tt27957002,14,nm0006795,producer,producer,\N
tt28004222,1,nm0451321,actor,\N,\N
tt28004222,4,nm0451321,producer,producer,\N
tt28019292,5,nm0451321,producer,producer,\N
tt28027356,17,nm0006795,producer,producer,\N
tt28027368,17,nm0006795,producer,producer,\N
tt28108776,17,nm0006795,producer,producer,\N
tt28108809,17,nm0006795,producer,producer,\N
tt2817284,7,nm0451321,self,\N,"[""Self - KKR Owner""]"
tt28223630,1,nm0006795,self,\N,"[""Self - Host""]"
tt28223634,1,nm0006795,self,\N,"[""Self - Host""]"
tt28223751,17,nm0006795,producer,producer,\N
tt28228084,1,nm0451321,actor,\N,\N
tt28228084,17,nm0451321,producer,producer,\N
tt28265510,1,nm0006795,self,\N,"[""Self - Host""]"
tt28265617,17,nm0006795,producer,producer,\N
tt28296769,1,nm0006795,self,\N,"[""Self - Host""]"
tt28313606,12,nm0006795,producer,producer,\N
tt2831404,17,nm0006795,producer,producer,\N
tt28316009,1,nm0006795,self,\N,"[""Self - Host""]"
tt28316011,1,nm0006795,self,\N,"[""Self - Host""]"
tt28450891,1,nm0006795,self,\N,"[""Self - Host""]"
tt28450895,1,nm0006795,self,\N,"[""Self - Host""]"
tt28476733,1,nm0006795,self,\N,"[""Self - Host""]"
tt28517157,17,nm0006795,producer,producer,\N
tt28517174,16,nm0006795,producer,producer,\N
tt28517201,17,nm0006795,producer,producer,\N
tt28517251,17,nm0006795,producer,producer,\N
tt28535082,1,nm0006795,self,\N,"[""Self - Host""]"
tt28535105,1,nm0006795,self,\N,"[""Self - Host""]"
tt28535107,1,nm0006795,self,\N,"[""Self - Host""]"
tt28682791,4,nm0006795,self,\N,"[""Self - Host""]"
tt28682803,1,nm0006795,self,\N,"[""Self - Host""]"
tt28865413,3,nm11810064,actor,\N,\N
tt29117960,1,nm0451321,self,\N,"[""Self""]"
tt29361353,1,nm0006795,actor,\N,"[""Brigadier Farukh Bulsara""]"
tt29429456,6,nm0451321,self,\N,"[""Self - Best Actor (Winner)""]"
tt29505891,1,nm0006795,self,\N,"[""Self - Host""]"
tt29522026,2,nm0006795,self,\N,"[""Self - Guest""]"
tt29625282,1,nm0006795,self,\N,"[""Self - Host""]"
tt29625284,1,nm0006795,self,\N,"[""Self - Host""]"
tt29715322,1,nm0006795,self,\N,"[""Self - Host""]"
tt29715333,1,nm0006795,self,\N,"[""Self - Host""]"
tt29883627,2,nm0451321,producer,producer,\N
tt29932063,1,nm0006795,self,\N,"[""Self - Host""]"
tt29932065,1,nm0006795,self,\N,"[""Self - Host""]"
tt29932086,1,nm0006795,self,\N,"[""Self - Host""]"
tt29932088,1,nm0006795,self,\N,"[""Self - Host""]"
tt30024655,1,nm0006795,self,\N,"[""Self - Host""]"
tt30107459,1,nm0006795,self,\N,"[""Self - Host""]"
tt30226549,1,nm0006795,self,\N,"[""Self - Host""]"
tt30322888,1,nm0006795,actor,\N,\N
tt30334336,5,nm0006795,self,\N,"[""Self""]"
tt30342701,8,nm0006795,self,\N,"[""Self - Host""]"
tt30399413,1,nm0006795,self,\N,"[""Self - Host""]"
tt30460343,1,nm0006795,self,\N,"[""Self - Host""]"
tt30460345,1,nm0006795,self,\N,"[""Self - Host""]"
tt30582044,1,nm0006795,self,\N,"[""Self - Host""]"
tt30582046,1,nm0006795,self,\N,"[""Self - Host""]"
tt30645150,7,nm0006795,self,\N,"[""Self - Perfomer""]"
tt30751116,1,nm0006795,self,\N,"[""Self - Host""]"
tt30751128,1,nm0006795,self,\N,"[""Self - Host""]"
tt30836166,1,nm0006795,self,\N,"[""Self - Host""]"
tt30836167,1,nm0006795,self,\N,"[""Self - Host""]"
tt30877333,7,nm10645092,self,\N,"[""Self - Host""]"
tt31076507,1,nm0006795,self,\N,"[""Self - Host""]"
tt31076613,1,nm0006795,self,\N,"[""Self - Host""]"
tt3116170,7,nm0451321,self,\N,"[""Self""]"
tt3118852,7,nm0451321,self,\N,"[""Self""]"
tt3122720,7,nm0451321,self,\N,"[""Self""]"
tt3122730,7,nm0451321,self,\N,"[""Self""]"
tt31251656,1,nm0006795,self,\N,"[""Self""]"
tt31452606,8,nm0451321,self,\N,"[""Self - Perfomer""]"
tt31639135,4,nm0451321,self,\N,"[""Self - KKR Owner""]"
tt31712434,1,nm0006795,actor,\N,"[""Sanjay Rajkot""]"
tt31712434,2,nm0006795,actor,\N,"[""Sikandar""]"
tt3180394,1,nm0006795,actor,\N,"[""Salman Khan""]"
tt32235925,3,nm12496236,self,\N,"[""Self""]"
tt32282681,5,nm12496236,self,\N,"[""Self""]"
tt32350471,6,nm0006795,self,\N,"[""Self - Guest""]"
tt32429900,9,nm0451321,self,\N,"[""Self - KKR Owner""]"
tt32643757,1,nm0006795,actor,\N,\N
tt32728302,1,nm0451321,actor,\N,\N
tt33093184,3,nm0006795,self,\N,"[""Self""]"
tt33164597,1,nm0006795,self,\N,"[""Self""]"
tt33164601,8,nm0006795,self,\N,"[""Self""]"
tt33319882,2,nm0006795,actor,\N,\N
tt33321438,1,nm0006795,actor,\N,\N
tt33482792,1,nm0006795,self,\N,"[""Self - Host""]"
tt33586400,8,nm0451321,self,\N,"[""Self""]"
tt33628075,1,nm0451321,self,\N,"[""Self - Presenter""]"
tt3389270,3,nm0006795,self,\N,"[""Self""]"
tt33919452,1,nm0006795,self,\N,"[""Self - Host""]"
tt33974812,1,nm0006795,self,\N,"[""Self - Host""]"
tt3405236,2,nm0451321,actor,\N,"[""Raees""]"
tt34126188,1,nm0006795,self,\N,"[""Self - Host""]"
tt34148322,1,nm0006795,self,\N,"[""Self - Host""]"
tt34161216,2,nm0451321,self,\N,"[""Self""]"
tt34299230,1,nm0006795,self,\N,"[""Self - Host""]"
tt34328652,1,nm0006795,self,\N,"[""Self - Host""]"
tt34385079,1,nm0006795,self,\N,"[""Self - Host""]"
tt34387954,1,nm0006795,self,\N,"[""Self - Host""]"
tt34632779,1,nm0006795,self,\N,"[""Self - Host""]"
tt34657001,1,nm0006795,self,\N,"[""Self - Host""]"
tt3466946,6,nm0006795,self,\N,"[""Self""]"
tt3466950,2,nm0006795,self,\N,"[""Self""]"
tt34729013,2,nm0451321,self,\N,"[""Self""]"
tt34729523,1,nm0006795,self,\N,"[""Self - Host""]"
tt34739585,8,nm0006795,self,\N,"[""Self - Host""]"
tt34747692,1,nm0006795,self,\N,"[""Self - Host""]"
tt34821532,1,nm0006795,self,\N,"[""Self - Host""]"
tt34851739,1,nm0006795,self,\N,"[""Self - Host""]"
tt3495026,1,nm0451321,actor,\N,"[""Gaurav Chandna""]"
tt3495026,2,nm0451321,actor,\N,"[""Aryan Khanna""]"
tt35017459,1,nm0006795,self,\N,"[""Self - Host""]"
tt35047439,1,nm0006795,self,\N,"[""Self - Host""]"
tt35104312,1,nm0006795,self,\N,"[""Self - Host""]"
tt35112584,1,nm0006795,self,\N,"[""Self - Host""]"
tt35200874,1,nm0006795,self,\N,"[""Self - Host""]"
tt35200875,1,nm0006795,self,\N,"[""Self - Host""]"
tt35269660,3,nm10645092,self,\N,"[""Self - Host""]"
tt35269661,3,nm10645092,self,\N,"[""Self - Host""]"
tt35269664,3,nm10645092,self,\N,"[""Self - Host""]"
tt35269665,3,nm10645092,self,\N,"[""Self - Host""]"
tt35269667,3,nm10645092,self,\N,"[""Self - Host""]"
tt35269669,3,nm10645092,self,\N,"[""Self - Host""]"
tt35269672,3,nm10645092,self,\N,"[""Self - Host""]"
tt35269673,3,nm10645092,self,\N,"[""Self - Host""]"
tt35269674,3,nm10645092,self,\N,"[""Self - Host""]"
tt35269676,3,nm10645092,self,\N,"[""Self - Host""]"
tt35269677,3,nm10645092,self,\N,"[""Self - Host""]"
tt35269679,3,nm10645092,self,\N,"[""Self - Host""]"
tt35269681,3,nm10645092,self,\N,"[""Self - Host""]"
tt35269682,3,nm10645092,self,\N,"[""Self - Host""]"
tt35269684,3,nm10645092,self,\N,"[""Self - Host""]"
tt35269686,3,nm10645092,self,\N,"[""Self - Host""]"
tt35269688,3,nm10645092,self,\N,"[""Self - Host""]"
tt35269690,3,nm10645092,self,\N,"[""Self - Host""]"
tt35269693,3,nm10645092,self,\N,"[""Self - Host""]"
tt35269694,3,nm10645092,self,\N,"[""Self - Host""]"
tt35269698,3,nm10645092,self,\N,"[""Self - Host""]"
tt35269699,3,nm10645092,self,\N,"[""Self - Host""]"
tt35269700,3,nm10645092,self,\N,"[""Self - Host""]"
tt35269701,3,nm10645092,self,\N,"[""Self - Host""]"
tt35269704,3,nm10645092,self,\N,"[""Self - Host""]"
tt35269705,3,nm10645092,self,\N,"[""Self - Host""]"
tt35269706,3,nm10645092,self,\N,"[""Self - Host""]"
tt35269707,3,nm10645092,self,\N,"[""Self - Host""]"
tt35269710,3,nm10645092,self,\N,"[""Self - Host""]"
tt35269712,3,nm10645092,self,\N,"[""Self - Host""]"
tt35269713,3,nm10645092,self,\N,"[""Self - Host""]"
tt35269714,3,nm10645092,self,\N,"[""Self - Host""]"
tt35269715,3,nm10645092,self,\N,"[""Self - Host""]"
tt35269717,3,nm10645092,self,\N,"[""Self - Host""]"
tt35269718,3,nm10645092,self,\N,"[""Self - Host""]"
tt35269721,3,nm10645092,self,\N,"[""Self - Host""]"
tt35269723,3,nm10645092,self,\N,"[""Self - Host""]"
tt35269725,3,nm10645092,self,\N,"[""Self - Host""]"
tt35269726,3,nm10645092,self,\N,"[""Self - Host""]"
tt35269727,3,nm10645092,self,\N,"[""Self - Host""]"
tt35269729,3,nm10645092,self,\N,"[""Self - Host""]"
tt35269730,3,nm10645092,self,\N,"[""Self - Host""]"
tt35269731,3,nm10645092,self,\N,"[""Self - Host""]"
tt35269732,3,nm10645092,self,\N,"[""Self - Host""]"
tt35269733,3,nm10645092,self,\N,"[""Self - Host""]"
tt35269736,3,nm10645092,self,\N,"[""Self - Host""]"
tt35269741,3,nm10645092,self,\N,"[""Self - Host""]"
tt35269743,3,nm10645092,self,\N,"[""Self - Host""]"
tt35269744,3,nm10645092,self,\N,"[""Self - Host""]"
tt35269745,3,nm10645092,self,\N,"[""Self - Host""]"
tt35269747,3,nm10645092,self,\N,"[""Self - Host""]"
tt35269748,3,nm10645092,self,\N,"[""Self - Host""]"
tt35269751,3,nm10645092,self,\N,"[""Self - Host""]"
tt35269752,3,nm10645092,self,\N,"[""Self - Host""]"
tt35269756,3,nm10645092,self,\N,"[""Self - Host""]"
tt35269759,3,nm10645092,self,\N,"[""Self - Host""]"
tt35269760,3,nm10645092,self,\N,"[""Self - Host""]"
tt35269761,3,nm10645092,self,\N,"[""Self - Host""]"
tt35269762,3,nm10645092,self,\N,"[""Self - Host""]"
tt35269764,3,nm10645092,self,\N,"[""Self - Host""]"
tt35269765,3,nm10645092,self,\N,"[""Self - Host""]"
tt35269766,3,nm10645092,self,\N,"[""Self - Host""]"
tt35269769,3,nm10645092,self,\N,"[""Self - Host""]"
tt35269771,3,nm10645092,self,\N,"[""Self - Host""]"
tt35269773,3,nm10645092,self,\N,"[""Self - Host""]"
tt35269774,3,nm10645092,self,\N,"[""Self - Host""]"
tt35269775,3,nm10645092,self,\N,"[""Self - Host""]"
tt35269777,3,nm10645092,self,\N,"[""Self - Host""]"
tt35269778,3,nm10645092,self,\N,"[""Self - Host""]"
tt35269779,3,nm10645092,self,\N,"[""Self - Host""]"
tt35269780,3,nm10645092,self,\N,"[""Self - Host""]"
tt35269781,3,nm10645092,self,\N,"[""Self - Host""]"
tt35269783,3,nm10645092,self,\N,"[""Self - Host""]"
tt35269784,3,nm10645092,self,\N,"[""Self - Host""]"
tt35269785,3,nm10645092,self,\N,"[""Self - Host""]"
tt35269786,3,nm10645092,self,\N,"[""Self - Host""]"
tt35269787,3,nm10645092,self,\N,"[""Self - Host""]"
tt35269793,3,nm10645092,self,\N,"[""Self - Host""]"
tt35269796,3,nm10645092,self,\N,"[""Self - Host""]"
tt35269797,3,nm10645092,self,\N,"[""Self - Host""]"
tt35269799,3,nm10645092,self,\N,"[""Self - Host""]"
tt35269800,3,nm10645092,self,\N,"[""Self - Host""]"
tt35269801,3,nm10645092,self,\N,"[""Self - Host""]"
tt35269821,3,nm10645092,self,\N,"[""Self - Host""]"
tt35269832,3,nm10645092,self,\N,"[""Self - Host""]"
tt35269839,3,nm10645092,self,\N,"[""Self - Host""]"
tt35269840,3,nm10645092,self,\N,"[""Self - Host""]"
tt35269841,3,nm10645092,self,\N,"[""Self - Host""]"
tt35269842,3,nm10645092,self,\N,"[""Self - Host""]"
tt35269843,3,nm10645092,self,\N,"[""Self - Host""]"
tt35269845,3,nm10645092,self,\N,"[""Self - Host""]"
tt35269847,3,nm10645092,self,\N,"[""Self - Host""]"
tt35269848,3,nm10645092,self,\N,"[""Self - Host""]"
tt35269849,3,nm10645092,self,\N,"[""Self - Host""]"
tt35269850,3,nm10645092,self,\N,"[""Self - Host""]"
tt35269851,3,nm10645092,self,\N,"[""Self - Host""]"
tt35269852,3,nm10645092,self,\N,"[""Self - Host""]"
tt35269853,3,nm10645092,self,\N,"[""Self - Host""]"
tt35269854,3,nm10645092,self,\N,"[""Self - Host""]"
tt35269855,3,nm10645092,self,\N,"[""Self - Host""]"
tt35269856,3,nm10645092,self,\N,"[""Self - Host""]"
tt35269857,3,nm10645092,self,\N,"[""Self - Host""]"
tt35269858,3,nm10645092,self,\N,"[""Self - Host""]"
tt35269860,3,nm10645092,self,\N,"[""Self - Host""]"
tt35269861,3,nm10645092,self,\N,"[""Self - Host""]"
tt35269862,3,nm10645092,self,\N,"[""Self - Host""]"
tt35269863,3,nm10645092,self,\N,"[""Self - Host""]"
tt35269865,3,nm10645092,self,\N,"[""Self - Host""]"
tt35269866,3,nm10645092,self,\N,"[""Self - Host""]"
tt35269867,3,nm10645092,self,\N,"[""Self - Host""]"
tt35269868,3,nm10645092,self,\N,"[""Self - Host""]"
tt35269869,3,nm10645092,self,\N,"[""Self - Host""]"
tt35269871,3,nm10645092,self,\N,"[""Self - Host""]"
tt35269872,3,nm10645092,self,\N,"[""Self - Host""]"
tt35269873,3,nm10645092,self,\N,"[""Self - Host""]"
tt35269874,3,nm10645092,self,\N,"[""Self - Host""]"
tt35269875,3,nm10645092,self,\N,"[""Self - Host""]"
tt35269876,3,nm10645092,self,\N,"[""Self - Host""]"
tt35269878,3,nm10645092,self,\N,"[""Self - Host""]"
tt35269879,3,nm10645092,self,\N,"[""Self - Host""]"
tt35269880,3,nm10645092,self,\N,"[""Self - Host""]"
tt35269883,3,nm10645092,self,\N,"[""Self - Host""]"
tt35269884,3,nm10645092,self,\N,"[""Self - Host""]"
tt35269885,3,nm10645092,self,\N,"[""Self - Host""]"
tt35269886,3,nm10645092,self,\N,"[""Self - Host""]"
tt35269887,3,nm10645092,self,\N,"[""Self - Host""]"
tt35269888,3,nm10645092,self,\N,"[""Self - Host""]"
tt35269889,3,nm10645092,self,\N,"[""Self - Host""]"
tt35269890,3,nm10645092,self,\N,"[""Self - Host""]"
tt35269891,3,nm10645092,self,\N,"[""Self - Host""]"
tt35269892,3,nm10645092,self,\N,"[""Self - Host""]"
tt35269893,3,nm10645092,self,\N,"[""Self - Host""]"
tt35269894,3,nm10645092,self,\N,"[""Self - Host""]"
tt35269895,3,nm10645092,self,\N,"[""Self - Host""]"
tt35269896,3,nm10645092,self,\N,"[""Self - Host""]"
tt35269897,3,nm10645092,self,\N,"[""Self - Host""]"
tt35269899,3,nm10645092,self,\N,"[""Self - Host""]"
tt35269901,3,nm10645092,self,\N,"[""Self - Host""]"
tt35269904,3,nm10645092,self,\N,"[""Self - Host""]"
tt35269905,3,nm10645092,self,\N,"[""Self - Host""]"
tt35269906,3,nm10645092,self,\N,"[""Self - Host""]"
tt35269907,3,nm10645092,self,\N,"[""Self - Host""]"
tt35269908,3,nm10645092,self,\N,"[""Self - Host""]"
tt35269926,3,nm10645092,self,\N,"[""Self - Host""]"
tt35269927,3,nm10645092,self,\N,"[""Self - Host""]"
tt35269929,3,nm10645092,self,\N,"[""Self - Host""]"
tt35269930,3,nm10645092,self,\N,"[""Self - Host""]"
tt35269931,3,nm10645092,self,\N,"[""Self - Host""]"
tt35327237,7,nm0451321,archive_footage,\N,"[""Self""]"
tt35380080,1,nm0006795,self,\N,"[""Self - Host""]"
tt35475022,1,nm0006795,self,\N,"[""Self - Host""]"
tt35698249,1,nm0451321,actor,\N,\N
tt35746268,1,nm0451321,actor,\N,\N
tt35748527,1,nm0451321,actor,\N,\N
tt35932843,1,nm0451321,actor,\N,\N
tt35934496,5,nm17063220,cinematographer,\N,\N
tt35934496,6,nm17063220,editor,\N,\N
tt3595298,1,nm0006795,actor,\N,"[""Prem Dilwale""]"
tt3595298,2,nm0006795,actor,\N,"[""Yuvraj Vijay Singh""]"
tt36092433,1,nm0451321,self,\N,"[""Self - Presenter""]"
tt36351167,4,nm12496236,self,\N,"[""Self""]"
tt36452163,3,nm0451321,actor,\N,"[""Dr. Jehangir Khan""]"
tt36750860,5,nm11967540,actor,\N,"[""Rakesh""]"
tt36750887,4,nm11967540,actor,\N,"[""Sahab""]"
tt36750979,4,nm11967540,actor,\N,"[""Rakesh""]"
tt36751020,4,nm11967540,actor,\N,"[""Rakesh""]"
tt3679040,1,nm0006795,actor,\N,"[""Bhaijaan""]"
tt3850798,8,nm0006795,actor,\N,"[""Bhau""]"
tt3863552,1,nm0006795,actor,\N,"[""Pawan Kumar Chaturvedi""]"
tt3863552,2,nm0006795,actor,\N,"[""Bajrangi Bhaijaan""]"
tt3863552,20,nm0006795,producer,producer,\N
tt3898090,4,nm0006795,actor,\N,"[""Salman Khan""]"
tt3899862,3,nm0006795,actor,\N,"[""Salman Khan""]"
tt4002280,5,nm6746162,actor,\N,"[""Derek""]"
tt4024858,14,nm7804062,editor,\N,\N
tt4056606,1,nm0006795,self,\N,"[""Self - Host""]"
tt4070250,3,nm0006795,self,\N,"[""Self - Host""]"
tt4070252,3,nm0006795,self,\N,"[""Self - Host""]"
tt4070254,3,nm0006795,self,\N,"[""Self - Host""]"
tt4070256,8,nm0006795,self,\N,"[""Self - Host""]"
tt4070258,4,nm0006795,self,\N,"[""Self - Host""]"
tt4070260,7,nm0006795,self,\N,"[""Self - Host""]"
tt4070268,9,nm0006795,self,\N,"[""Self - Host""]"
tt4070272,3,nm0006795,self,\N,"[""Self - Host""]"
tt4089624,3,nm0006795,self,\N,"[""Self - Host""]"
tt4089630,5,nm0006795,self,\N,"[""Self - Host""]"
tt4089636,8,nm0006795,self,\N,"[""Self - Host""]"
tt4089640,5,nm0006795,self,\N,"[""Self - Host""]"
tt4089646,5,nm0006795,self,\N,"[""Self - Host""]"
tt4089654,3,nm0006795,self,\N,"[""Self - Host""]"
tt4094726,7,nm0006795,self,\N,"[""Self - Host""]"
tt4094730,2,nm0006795,self,\N,"[""Self - Host""]"
tt4094732,3,nm0006795,self,\N,"[""Self - Host""]"
tt4094736,3,nm0006795,self,\N,"[""Self - Host""]"
tt4094738,4,nm0006795,self,\N,"[""Self - Host""]"
tt4094740,4,nm0006795,self,\N,"[""Self - Host""]"
tt4134680,7,nm0006795,self,\N,"[""Self - Host""]"
tt4134682,5,nm0006795,self,\N,"[""Self - Host""]"
tt4134684,3,nm0006795,self,\N,"[""Self - Host""]"
tt4134688,4,nm0006795,self,\N,"[""Self - Host""]"
tt4134690,3,nm0006795,self,\N,"[""Self - Host""]"
tt4134692,5,nm0006795,self,\N,"[""Self - Host""]"
tt4134694,5,nm0006795,self,\N,"[""Self - Host""]"
tt4134698,7,nm0006795,self,\N,"[""Self - Host""]"
tt4134702,8,nm0006795,self,\N,"[""Self - Host""]"
tt4134708,4,nm0006795,self,\N,"[""Self - Host""]"
tt4148408,2,nm0006795,self,\N,"[""Self""]"
tt4195564,6,nm0006795,self,\N,"[""Self - Host""]"
tt4302608,1,nm0451321,actor,\N,"[""Lt. Abhimanyu Rai""]"
tt4331862,4,nm0451321,self,\N,"[""Self""]"
tt4331872,4,nm0451321,self,\N,"[""Self""]"
tt4467202,16,nm0006795,producer,producer,\N
tt4535650,1,nm0451321,actor,\N,"[""Raj""]"
tt4535650,2,nm0451321,actor,\N,"[""Kaali""]"
tt4832640,1,nm0006795,actor,\N,"[""Sultan Ali Khan""]"
tt4866786,1,nm0006795,self,\N,"[""Self - Host""]"
tt4866790,5,nm0006795,self,\N,"[""Self - Host""]"
tt4866792,5,nm0006795,self,\N,"[""Self - Host""]"
tt4866796,5,nm0006795,self,\N,"[""Self - Host""]"
tt4866798,6,nm0006795,self,\N,"[""Self - Host""]"
tt4866800,6,nm0006795,self,\N,"[""Self - Host""]"
tt4866802,4,nm0006795,self,\N,"[""Self - Host""]"
tt4866804,6,nm0006795,self,\N,"[""Self - Host""]"
tt4866806,4,nm0006795,self,\N,"[""Self - Host""]"
tt4866808,7,nm0006795,self,\N,"[""Self - Host""]"
tt4866810,5,nm0006795,self,\N,"[""Self - Host""]"
tt4866812,5,nm0006795,self,\N,"[""Self - Host""]"
tt4866814,5,nm0006795,self,\N,"[""Self - Host""]"
tt4870378,5,nm0006795,self,\N,"[""Self - Host""]"
tt4870380,5,nm0006795,self,\N,"[""Self - Host""]"
tt4870382,5,nm0006795,self,\N,"[""Self - Host""]"
tt4870384,5,nm0006795,self,\N,"[""Self - Host""]"
tt4870386,5,nm0006795,self,\N,"[""Self - Host""]"
tt4870388,5,nm0006795,self,\N,"[""Self - Host""]"
tt4870390,5,nm0006795,self,\N,"[""Self - Host""]"
tt4870392,5,nm0006795,self,\N,"[""Self - Host""]"
tt4870394,5,nm0006795,self,\N,"[""Self - Host""]"
tt4870396,5,nm0006795,self,\N,"[""Self - Host""]"
tt4870398,5,nm0006795,self,\N,"[""Self - Host""]"
tt4870400,5,nm0006795,self,\N,"[""Self - Host""]"
tt4870402,5,nm0006795,self,\N,"[""Self - Host""]"
tt4870404,5,nm0006795,self,\N,"[""Self - Host""]"
tt4870406,5,nm0006795,self,\N,"[""Self - Host""]"
tt4870410,5,nm0006795,self,\N,"[""Self - Host""]"
tt4885256,5,nm12107034,director,\N,\N
tt4945984,3,nm0451321,self,\N,"[""Self""]"
tt5032564,7,nm7691879,actor,\N,\N
tt5284612,4,nm0451321,actor,\N,"[""Shahrukh Khan""]"
tt5301660,5,nm0451321,actor,\N,\N
tt5488542,1,nm0451321,actor,\N,\N
tt5489240,1,nm0451321,actor,\N,\N
tt5490466,3,nm0451321,self,\N,"[""Self""]"
tt5497760,1,nm0451321,self,\N,"[""Self""]"
tt5753564,9,nm0451321,self,\N,"[""Self""]"
tt5816176,1,nm0451321,actor,\N,"[""Lt. Abhimanyu Rai""]"
tt5816184,1,nm0451321,actor,\N,"[""Lt. Abhimanyu Rai""]"
tt5819812,1,nm0451321,actor,\N,"[""Lt. Abhimanyu Rai""]"
tt5819814,1,nm0451321,actor,\N,"[""Lt. Abhimanyu Rai""]"
tt5821662,1,nm0451321,actor,\N,"[""Lt. Abhimanyu Rai""]"
tt5821678,1,nm0451321,actor,\N,"[""Lt. Abhimanyu Rai""]"
tt5827864,1,nm0451321,actor,\N,"[""Lt. Abhimanyu Rai""]"
tt5831158,1,nm0451321,actor,\N,"[""Lt. Abhimanyu Rai""]"
tt5833750,1,nm0451321,actor,\N,"[""Lt. Abhimanyu Rai""]"
tt5833756,1,nm0451321,actor,\N,"[""Lt. Abhimanyu Rai""]"
tt5837404,1,nm0451321,actor,\N,"[""Lt. Abhimanyu Rai""]"
tt5837410,1,nm0451321,actor,\N,"[""Lt. Abhimanyu Rai""]"
tt5872910,4,nm0006795,self,\N,"[""Self""]"
tt5882970,1,nm0006795,actor,\N,"[""Laxman""]"
tt5882970,15,nm0006795,producer,producer,\N
tt5946128,2,nm0451321,actor,\N,"[""Dr. Jehangir Khan""]"
tt5956100,1,nm0006795,actor,\N,"[""Tiger""]"
tt5956100,2,nm0006795,actor,\N,"[""Avinash Singh Rathore""]"
tt5988306,5,nm10541030,self,\N,"[""Self""]"
tt5997666,1,nm0451321,actor,\N,"[""Harinder 'Harry' Singh Nehra""]"
tt6141628,2,nm0451321,self,\N,"[""Self - Guest""]"
tt6206908,2,nm0451321,self,\N,"[""Self - Guest""]"
tt6277462,5,nm0451321,actor,\N,"[""Mohan Bhargav""]"
tt6287674,11,nm0451321,self,\N,"[""Self""]"
tt6289244,1,nm0451321,actor,\N,\N
tt6292424,2,nm0006795,self,\N,"[""Self - Guest""]"
tt6295626,10,nm0451321,self,\N,"[""Self""]"
tt6302274,6,nm0451321,self,\N,"[""Self""]"
tt6320840,10,nm0451321,self,\N,"[""Self""]"
tt6320932,10,nm0006795,self,\N,"[""Self""]"
tt6320934,10,nm0006795,self,\N,"[""Self""]"
tt6321200,10,nm0006795,self,\N,"[""Self""]"
tt6321214,10,nm0006795,self,\N,"[""Self""]"
tt6323788,6,nm0451321,self,\N,"[""Self""]"
tt6323820,8,nm0451321,self,\N,"[""Self""]"
tt6323832,6,nm0451321,self,\N,"[""Self""]"
tt6380642,3,nm0451321,self,\N,"[""Self""]"
tt6381562,6,nm0451321,actor,\N,"[""Pawan Raghujan""]"
tt6381568,6,nm0451321,actor,\N,"[""Pawan Raghujan""]"
tt6381572,6,nm0451321,actor,\N,"[""Pawan Raghujan""]"
tt6381574,6,nm0451321,actor,\N,"[""Pawan Raghujan""]"
tt6405220,6,nm0006795,actor,\N,\N
tt6417788,5,nm0006795,self,\N,"[""Self""]"
tt6509998,5,nm0451321,self,\N,"[""Self""]"
tt6527426,1,nm0451321,actor,\N,"[""Bauua Singh""]"
tt6573786,7,nm0451321,self,\N,"[""Self - interviewee""]"
tt6583204,3,nm0451321,self,\N,"[""Self - interviewee""]"
tt6611428,4,nm0451321,self,\N,"[""Self""]"
tt6649234,17,nm0006795,producer,producer,\N
tt6660502,2,nm0006795,actor,\N,\N
tt6832952,10,nm0451321,self,\N,"[""Self""]"
tt6941654,1,nm0006795,actor,\N,"[""Hanuman""]"
tt7059844,1,nm0006795,actor,\N,"[""Inspector Chulbul Pandey""]"
tt7059844,12,nm0006795,writer,story,\N
tt7059844,18,nm0006795,producer,producer,\N
tt7275232,7,nm0006795,self,\N,"[""Self""]"
tt7293204,2,nm0451321,self,\N,"[""Self""]"
tt7431594,2,nm0006795,actor,\N,"[""Sikander""]"
tt7431594,16,nm0006795,producer,producer,\N
tt7531720,1,nm0451321,actor,\N,"[""Shekharan""]"
tt7533586,1,nm0451321,actor,\N,"[""Shekharan""]"
tt7621064,9,nm0451321,self,\N,"[""Self""]"
tt7624840,9,nm9413387,actor,\N,"[""Munna""]"
tt7632422,8,nm0451321,self,\N,"[""Self""]"
tt7632430,7,nm0006795,self,\N,"[""Self""]"
tt7683380,1,nm0006795,self,\N,"[""Self - Host""]"
tt7721800,1,nm0006795,actor,\N,"[""Bharat""]"
tt7767622,1,nm0006795,self,\N,"[""Self""]"
tt7767622,2,nm0006795,self,\N,"[""Host""]"
tt7820846,14,nm0006795,producer,producer,\N
tt7838256,3,nm9536351,actor,\N,"[""Ravi""]"
tt7847662,2,nm0451321,self,\N,"[""Self""]"
tt7981392,1,nm0006795,actor,\N,"[""Devi Lal Singh""]"
tt8110266,1,nm0451321,self,\N,"[""Self""]"
tt8376780,1,nm0006795,self,\N,"[""Self - Host""]"
tt8411968,9,nm0006795,self,\N,"[""Self - Host""]"
tt8411974,1,nm0006795,self,\N,"[""Self - Host""]"
tt8413196,1,nm0006795,self,\N,"[""Self - Host""]"
tt8413212,1,nm0006795,self,\N,"[""Self - Host""]"
tt8413234,1,nm0006795,self,\N,"[""Self - Host""]"
tt8443588,4,nm0006795,self,\N,"[""Self - Host""]"
tt8443612,7,nm0006795,self,\N,"[""Self - Host""]"
tt8443636,5,nm0006795,self,\N,"[""Self - Host""]"
tt8443696,4,nm0006795,self,\N,"[""Self - Host""]"
tt8443698,1,nm0006795,self,\N,"[""Self - Host""]"
tt8443878,1,nm0006795,self,\N,"[""Self - Host""]"
tt8448688,5,nm0006795,self,\N,"[""Self""]"
tt8457904,1,nm0451321,actor,\N,"[""Chief Guest -Promotion Grand Final""]"
tt8463784,2,nm0451321,self,\N,"[""Self""]"
tt8468824,1,nm0006795,self,\N,"[""Self - Host""]"
tt8468872,4,nm0006795,self,\N,"[""Self - Host""]"
tt8468910,6,nm0006795,self,\N,"[""Self - Host""]"
tt8469566,1,nm0006795,self,\N,"[""Self - Host""]"
tt8469578,7,nm0006795,self,\N,"[""Self - Host""]"
tt8469594,1,nm0006795,self,\N,"[""Self - Host""]"
tt8470514,5,nm0006795,self,\N,"[""Self - Host""]"
tt8474452,1,nm0006795,self,\N,"[""Self - Host""]"
tt8533882,6,nm0006795,self,\N,"[""Self - Host""]"
tt8533912,3,nm0006795,self,\N,"[""Self - Host""]"
tt8533942,4,nm0006795,self,\N,"[""Self - Host""]"
tt8534044,8,nm0006795,self,\N,"[""Self - Host""]"
tt8534070,6,nm0006795,self,\N,"[""Self - Host""]"
tt8537050,7,nm0006795,self,\N,"[""Self - Host""]"
tt8537054,8,nm0006795,self,\N,"[""Self - Host""]"
tt8567044,5,nm0006795,self,\N,"[""Self""]"
tt8616420,2,nm0451321,self,\N,"[""Self""]"
tt8639336,8,nm0006795,self,\N,"[""Self - Host""]"
tt8639342,8,nm0006795,self,\N,"[""Self - Host""]"
tt8639348,8,nm0006795,self,\N,"[""Self - Host""]"
tt8702910,9,nm0006795,self,\N,"[""Self""]"
tt8702912,9,nm0006795,self,\N,"[""Self""]"
tt8702930,9,nm0006795,self,\N,"[""Self""]"
tt8702934,9,nm0006795,self,\N,"[""Self""]"
tt8758506,4,nm0006795,self,\N,"[""Self - Host""]"
tt8769926,9,nm0006795,self,\N,"[""Self - Host""]"
tt8772794,15,nm0451321,producer,producer,\N
tt8796940,2,nm0006795,self,\N,"[""Self""]"
tt8797028,2,nm0006795,self,\N,"[""Self""]"
tt8816040,1,nm0451321,self,\N,"[""Self - Host""]"
tt8961924,1,nm0006795,self,\N,"[""Self - Host""]"
tt8972258,5,nm0006795,self,\N,"[""Self - Host""]"
tt8972260,5,nm0006795,self,\N,"[""Self - Host""]"
tt8972262,5,nm0006795,self,\N,"[""Self - Host""]"
tt8972264,6,nm0006795,self,\N,"[""Self - Host""]"
tt8972266,5,nm0006795,self,\N,"[""Self - Host""]"
tt8972268,5,nm0006795,self,\N,"[""Self - Host""]"
tt8972270,5,nm0006795,self,\N,"[""Self - Host""]"
tt8972272,5,nm0006795,self,\N,"[""Self - Host""]"
tt8972274,6,nm0006795,self,\N,"[""Self - Host""]"
tt8975046,8,nm0451321,self,\N,"[""Self""]"
tt8993498,5,nm0006795,self,\N,"[""Self - Host""]"
tt8993500,5,nm0006795,self,\N,"[""Self - Host""]"
tt8993502,5,nm0006795,self,\N,"[""Self - Host""]"
tt8993504,6,nm0006795,self,\N,"[""Self - Host""]"
tt8993506,5,nm0006795,self,\N,"[""Self - Host""]"
tt8993508,6,nm0006795,self,\N,"[""Self - Host""]"
tt8993510,5,nm0006795,self,\N,"[""Self - Host""]"
tt8993512,6,nm0006795,self,\N,"[""Self - Host""]"
tt8993514,5,nm0006795,self,\N,"[""Self - Host""]"
tt8993518,5,nm0006795,self,\N,"[""Self - Host""]"
tt8993520,6,nm0006795,self,\N,"[""Self - Host""]"
tt8993522,5,nm0006795,self,\N,"[""Self - Host""]"
tt8993524,6,nm0006795,self,\N,"[""Self - Host""]"
tt8993528,5,nm0006795,self,\N,"[""Self - Host""]"
tt8993530,5,nm0006795,self,\N,"[""Self - Host""]"
tt8993532,5,nm0006795,self,\N,"[""Self - Host""]"
tt8993534,5,nm0006795,self,\N,"[""Self - Host""]"
tt8993536,5,nm0006795,self,\N,"[""Self - Host""]"
tt8993538,5,nm0006795,self,\N,"[""Self - Host""]"
tt8993540,5,nm0006795,self,\N,"[""Self - Host""]"
tt8993542,5,nm0006795,self,\N,"[""Self - Host""]"
tt8993544,5,nm0006795,self,\N,"[""Self - Host""]"
tt8993546,5,nm0006795,self,\N,"[""Self - Host""]"
tt8993550,5,nm0006795,self,\N,"[""Self - Host""]"
tt8993552,5,nm0006795,self,\N,"[""Self - Host""]"
tt8993554,6,nm0006795,self,\N,"[""Self - Host""]"
tt8993556,5,nm0006795,self,\N,"[""Self - Host""]"
tt8993558,5,nm0006795,self,\N,"[""Self - Host""]"
tt8993560,5,nm0006795,self,\N,"[""Self - Host""]"
tt8993562,4,nm0006795,self,\N,"[""Self - Host""]"
tt8993564,5,nm0006795,self,\N,"[""Self - Host""]"
tt8993566,5,nm0006795,self,\N,"[""Self - Host""]"
tt8993568,5,nm0006795,self,\N,"[""Self - Host""]"
tt8993570,5,nm0006795,self,\N,"[""Self - Host""]"
tt8993572,6,nm0006795,self,\N,"[""Self - Host""]"
tt8993574,5,nm0006795,self,\N,"[""Self - Host""]"
tt8993576,6,nm0006795,self,\N,"[""Self - Host""]"
tt8993580,6,nm0006795,self,\N,"[""Self - Host""]"
tt8993582,6,nm0006795,self,\N,"[""Self - Host""]"
tt8993584,5,nm0006795,self,\N,"[""Self - Host""]"
tt8993588,5,nm0006795,self,\N,"[""Self - Host""]"
tt8993592,5,nm0006795,self,\N,"[""Self - Host""]"
tt8993594,5,nm0006795,self,\N,"[""Self - Host""]"
tt8993596,5,nm0006795,self,\N,"[""Self - Host""]"
tt8993598,5,nm0006795,self,\N,"[""Self - Host""]"
tt8993600,5,nm0006795,self,\N,"[""Self - Host""]"
tt8993602,4,nm0006795,self,\N,"[""Self - Host""]"
tt8993604,5,nm0006795,self,\N,"[""Self - Host""]"
tt8993606,5,nm0006795,self,\N,"[""Self - Host""]"
tt8993608,5,nm0006795,self,\N,"[""Self - Host""]"
tt8993610,5,nm0006795,self,\N,"[""Self - Host""]"
tt8993612,5,nm0006795,self,\N,"[""Self - Host""]"
tt8993616,5,nm0006795,self,\N,"[""Self - Host""]"
tt8993618,5,nm0006795,self,\N,"[""Self - Host""]"
tt8993620,6,nm0006795,self,\N,"[""Self - Host""]"
tt8993624,5,nm0006795,self,\N,"[""Self - Host""]"
tt8993628,5,nm0006795,self,\N,"[""Self - Host""]"
tt8993630,5,nm0006795,self,\N,"[""Self - Host""]"
tt8993632,5,nm0006795,self,\N,"[""Self - Host""]"
tt8993634,6,nm0006795,self,\N,"[""Self - Host""]"
tt8993636,5,nm0006795,self,\N,"[""Self - Host""]"
tt8993638,5,nm0006795,self,\N,"[""Self - Host""]"
tt8993640,5,nm0006795,self,\N,"[""Self - Host""]"
tt8993642,5,nm0006795,self,\N,"[""Self - Host""]"
tt8993644,5,nm0006795,self,\N,"[""Self - Host""]"
tt8993646,5,nm0006795,self,\N,"[""Self - Host""]"
tt8993648,5,nm0006795,self,\N,"[""Self - Host""]"
tt8993650,5,nm0006795,self,\N,"[""Self - Host""]"
tt8993652,5,nm0006795,self,\N,"[""Self - Host""]"
tt8993654,5,nm0006795,self,\N,"[""Self - Host""]"
tt8993656,5,nm0006795,self,\N,"[""Self - Host""]"
tt8993658,5,nm0006795,self,\N,"[""Self - Host""]"
tt8993660,5,nm0006795,self,\N,"[""Self - Host""]"
tt8993662,2,nm0006795,self,\N,"[""Self - Host""]"
tt8993664,6,nm0006795,self,\N,"[""Self - Host""]"
tt8993670,5,nm0006795,self,\N,"[""Self - Host""]"
tt8993672,5,nm0006795,self,\N,"[""Self - Host""]"
tt8993674,5,nm0006795,self,\N,"[""Self - Host""]"
tt8993676,5,nm0006795,self,\N,"[""Self - Host""]"
tt8993678,5,nm0006795,self,\N,"[""Self - Host""]"
tt9003592,5,nm0006795,archive_footage,\N,"[""Self""]"
tt9020330,3,nm0006795,self,\N,"[""Self""]"
tt9020330,4,nm0451321,self,\N,"[""Self""]"
tt9035110,4,nm0451321,self,\N,"[""Self - KKR Owner""]"
tt9044564,7,nm0451321,self,\N,"[""Self""]"
tt9063320,7,nm0006795,self,\N,"[""Self - Host""]"
tt9063322,7,nm0006795,self,\N,"[""Self - Host""]"
tt9063326,7,nm0006795,self,\N,"[""Self - Host""]"
tt9063366,7,nm0006795,self,\N,"[""Self - Host""]"
tt9063368,8,nm0006795,self,\N,"[""Self - Host""]"
tt9063372,7,nm0006795,self,\N,"[""Self - Host""]"
tt9063376,7,nm0006795,self,\N,"[""Self - Host""]"
tt9063378,8,nm0006795,self,\N,"[""Self - Host""]"
tt9063382,7,nm0006795,self,\N,"[""Self - Host""]"
tt9063384,7,nm0006795,self,\N,"[""Self - Host""]"
tt9063392,9,nm0006795,self,\N,"[""Self - Host""]"
tt9063396,8,nm0006795,self,\N,"[""Self - Host""]"
tt9063398,7,nm0006795,self,\N,"[""Self - Host""]"
tt9063400,7,nm0006795,self,\N,"[""Self - Host""]"
tt9063402,7,nm0006795,self,\N,"[""Self - Host""]"
tt9063414,7,nm0006795,self,\N,"[""Self - Host""]"
tt9063416,7,nm0006795,self,\N,"[""Self - Host""]"
tt9063430,9,nm0006795,self,\N,"[""Self - Host""]"
tt9063434,7,nm0006795,self,\N,"[""Self - Host""]"
tt9063438,7,nm0006795,self,\N,"[""Self - Host""]"
tt9063440,7,nm0006795,self,\N,"[""Self - Host""]"
tt9105014,17,nm0006795,producer,producer,\N
tt9121268,7,nm0006795,self,\N,"[""Self - Host""]"
tt9121272,7,nm0006795,self,\N,"[""Self - Host""]"
tt9121276,7,nm0006795,self,\N,"[""Self - Host""]"
tt9121278,9,nm0006795,self,\N,"[""Self - Host""]"
tt9121280,7,nm0006795,self,\N,"[""Self - Host""]"
tt9121282,7,nm0006795,self,\N,"[""Self - Host""]"
tt9121298,7,nm0006795,self,\N,"[""Self - Host""]"
tt9121300,7,nm0006795,self,\N,"[""Self - Host""]"
tt9121304,8,nm0006795,self,\N,"[""Self - Host""]"
tt9121306,8,nm0006795,self,\N,"[""Self - Host""]"
tt9121308,8,nm0006795,self,\N,"[""Self - Host""]"
tt9121312,7,nm0006795,self,\N,"[""Self - Host""]"
tt9121314,7,nm0006795,self,\N,"[""Self - Host""]"
tt9121316,7,nm0006795,self,\N,"[""Self - Host""]"
tt9121320,7,nm0006795,self,\N,"[""Self - Host""]"
tt9121324,8,nm0006795,self,\N,"[""Self - Host""]"
tt9121326,7,nm0006795,self,\N,"[""Self - Host""]"
tt9121330,7,nm0006795,self,\N,"[""Self - Host""]"
tt9121332,7,nm0006795,self,\N,"[""Self - Host""]"
tt9121334,7,nm0006795,self,\N,"[""Self - Host""]"
tt9121336,7,nm0006795,self,\N,"[""Self - Host""]"
tt9121340,7,nm0006795,self,\N,"[""Self - Host""]"
tt9121342,7,nm0006795,self,\N,"[""Self - Host""]"
tt9121346,10,nm0006795,self,\N,"[""Self - Host""]"
tt9121352,6,nm0006795,self,\N,"[""Self - Host""]"
tt9121356,6,nm0006795,self,\N,"[""Self - Host""]"
tt9121358,6,nm0006795,self,\N,"[""Self - Host""]"
tt9121366,6,nm0006795,self,\N,"[""Self - Host""]"
tt9121370,6,nm0006795,self,\N,"[""Self - Host""]"
tt9121372,7,nm0006795,self,\N,"[""Self - Host""]"
tt9121374,7,nm0006795,self,\N,"[""Self - Host""]"
tt9121376,6,nm0006795,self,\N,"[""Self - Host""]"
tt9121378,6,nm0006795,self,\N,"[""Self - Host""]"
tt9121380,6,nm0006795,self,\N,"[""Self - Host""]"
tt9121384,7,nm0006795,self,\N,"[""Self - Host""]"
tt9121386,7,nm0006795,self,\N,"[""Self - Host""]"
tt9121388,6,nm0006795,self,\N,"[""Self - Host""]"
tt9121392,7,nm0006795,self,\N,"[""Self - Host""]"
tt9121394,6,nm0006795,self,\N,"[""Self - Host""]"
tt9121396,6,nm0006795,self,\N,"[""Self - Host""]"
tt9121400,6,nm0006795,self,\N,"[""Self - Host""]"
tt9121404,6,nm0006795,self,\N,"[""Self - Host""]"
tt9121408,6,nm0006795,self,\N,"[""Self - Host""]"
tt9121416,6,nm0006795,self,\N,"[""Self - Host""]"
tt9121422,6,nm0006795,self,\N,"[""Self - Host""]"
tt9121428,6,nm0006795,self,\N,"[""Self - Host""]"
tt9121432,6,nm0006795,self,\N,"[""Self - Host""]"
tt9121434,7,nm0006795,self,\N,"[""Self - Host""]"
tt9121436,6,nm0006795,self,\N,"[""Self - Host""]"
tt9121438,6,nm0006795,self,\N,"[""Self - Host""]"
tt9121440,6,nm0006795,self,\N,"[""Self - Host""]"
tt9121446,5,nm0006795,self,\N,"[""Self - Host""]"
tt9121448,5,nm0006795,self,\N,"[""Self - Host""]"
tt9121450,5,nm0006795,self,\N,"[""Self - Host""]"
tt9121452,5,nm0006795,self,\N,"[""Self - Host""]"
tt9121454,5,nm0006795,self,\N,"[""Self - Host""]"
tt9121458,5,nm0006795,self,\N,"[""Self - Host""]"
tt9121464,5,nm0006795,self,\N,"[""Self - Host""]"
tt9121466,5,nm0006795,self,\N,"[""Self - Host""]"
tt9121470,5,nm0006795,self,\N,"[""Self - Host""]"
tt9121474,5,nm0006795,self,\N,"[""Self - Host""]"
tt9121476,5,nm0006795,self,\N,"[""Self - Host""]"
tt9121478,5,nm0006795,self,\N,"[""Self - Host""]"
tt9121480,5,nm0006795,self,\N,"[""Self - Host""]"
tt9121482,5,nm0006795,self,\N,"[""Self - Host""]"
tt9121486,5,nm0006795,self,\N,"[""Self - Host""]"
tt9121488,6,nm0006795,self,\N,"[""Self - Host""]"
tt9121490,5,nm0006795,self,\N,"[""Self - Host""]"
tt9121492,4,nm0006795,self,\N,"[""Self - Host""]"
tt9121494,4,nm0006795,self,\N,"[""Self - Host""]"
tt9121496,6,nm0006795,self,\N,"[""Self - Host""]"
tt9126170,9,nm0451321,self,\N,"[""Self""]"
tt9126172,9,nm0451321,self,\N,"[""Self""]"
tt9126174,9,nm0451321,self,\N,"[""Self""]"
tt9128936,1,nm0451321,self,\N,"[""Self - Host""]"
tt9131678,1,nm0451321,self,\N,"[""Self - Host""]"
tt9131704,2,nm0451321,self,\N,"[""Self - Host""]"
tt9131738,2,nm0451321,self,\N,"[""Self - Host""]"
tt9131766,1,nm0451321,self,\N,"[""Self - Host""]"
tt9131810,2,nm0451321,self,\N,"[""Self - Host""]"
tt9131832,1,nm0451321,self,\N,"[""Self - Host""]"
tt9131856,1,nm0451321,self,\N,"[""Self - Host""]"
tt9131872,1,nm0451321,self,\N,"[""Self - Host""]"
tt9138478,5,nm0451321,self,\N,"[""Self - KKR Owner""]"
tt9164602,3,nm0451321,self,\N,"[""Self - Guest""]"
tt9164750,2,nm0451321,self,\N,"[""Self - Guest""]"
tt9207454,2,nm0451321,actor,\N,\N
tt9223850,1,nm0451321,self,\N,"[""Self - Host""]"
tt9229044,1,nm0451321,self,\N,"[""Self - Host""]"
tt9229058,3,nm0451321,self,\N,"[""Self - Host""]"
tt9230662,1,nm0006795,actor,\N,\N
tt9337468,8,nm0451321,self,\N,"[""Self""]"
tt9337470,9,nm0451321,self,\N,"[""Self""]"
tt9386730,5,nm0451321,self,\N,"[""Self""]"
tt9434592,2,nm0451321,self,\N,"[""Self""]"
tt9438014,2,nm0451321,self,\N,"[""Self""]"
tt9469008,18,nm0006795,producer,producer,\N
tt9482056,5,nm0451321,actor,\N,"[""Mr. Young Man""]"
tt9520894,1,nm0006795,self,\N,"[""Self - Host""]"
tt9521864,18,nm0006795,producer,producer,\N
tt9552666,11,nm0006795,self,\N,"[""Self""]"
tt9552666,17,nm0006795,producer,producer,\N
tt9553284,3,nm17099001,actor,\N,"[""Cop""]"
tt9557304,9,nm0006795,self,\N,"[""Self""]"
tt9557304,15,nm0006795,producer,producer,\N
tt9590608,15,nm0006795,producer,producer,\N
tt9595996,17,nm0006795,producer,producer,\N
tt9598180,23,nm0006795,producer,producer,\N
tt9598186,18,nm0006795,producer,producer,\N
tt9598196,21,nm0006795,producer,producer,\N
tt9598198,16,nm0006795,producer,producer,\N
tt9635552,19,nm0006795,producer,producer,\N
tt9635558,19,nm0006795,producer,producer,\N
tt9711174,18,nm0006795,producer,producer,\N
tt9711178,20,nm0006795,producer,producer,\N
tt9711200,17,nm0006795,producer,producer,\N
tt9711230,21,nm0006795,producer,producer,\N
tt9794406,14,nm0451321,producer,producer,\N
tt9806002,21,nm0006795,producer,producer,\N
tt9806010,21,nm0006795,producer,producer,\N
tt9838878,20,nm0006795,producer,producer,\N
tt9838880,19,nm0006795,producer,producer,\N
tt9838882,21,nm0006795,producer,producer,\N
tt9838884,21,nm0006795,producer,producer,\N
tt9838888,21,nm0006795,producer,producer,\N
tt9838890,21,nm0006795,producer,producer,\N
tt9838892,21,nm0006795,producer,producer,\N
tt9838894,21,nm0006795,producer,producer,\N
tt9905024,15,nm0451321,producer,producer,\N
